rfq_id,product_id,isin,product_name,product_type,basket_type,status,currency,nominal,client,created_at,expires_at,traded_with,traded_price_pct,quotes,best_quote,underlying_tickers,underlyings,distribution_fee_pct,structuring_fee_pct,management_fee_pct_pa,exchange_fee_pct,total_fee_pct,fee_description
RFQ-101,PRD-101,CH1261564201,"12M Multi Barrier Reverse Convertible on NESN, NOVN, ROG",Barrier Reverse Convertible,Worst-of Basket,quoted,CHF,100000.0,Zurich Cantonal Wealth,2026-09-28T09:15:00Z,2026-09-28T16:00:00Z,,,"[{""issuer"": ""ZKB"", ""price_pct"": 99.85, ""coupon_pct_pa"": 7.2, ""timestamp"": ""2026-09-28T09:20:00Z"", ""valid_until"": ""2026-09-28T16:00:00Z""}, {""issuer"": ""UBS"", ""price_pct"": 99.7, ""coupon_pct_pa"": 7.1, ""timestamp"": ""2026-09-28T09:22:00Z"", ""valid_until"": ""2026-09-28T16:00:00Z""}, {""issuer"": ""Vontobel"", ""price_pct"": 100.1, ""coupon_pct_pa"": 7.25, ""timestamp"": ""2026-09-28T09:25:00Z"", ""valid_until"": ""2026-09-28T16:00:00Z""}]","{""issuer"": ""Vontobel"", ""price_pct"": 100.1, ""coupon_pct_pa"": 7.25, ""timestamp"": ""2026-09-28T09:25:00Z"", ""valid_until"": ""2026-09-28T16:00:00Z""}",NESN SW; NOVN SW; ROG SW,"[{""name"": ""Nestl\u00e9 SA"", ""ticker"": ""NESN SW"", ""asset_class"": ""Equity"", ""currency"": ""CHF"", ""spot_price"": 94.2, ""strike_level_pct"": 100.0, ""barrier_level_pct"": 65.0, ""current_price"": 93.5, ""performance_pct"": -0.74, ""barrier_hit"": false, ""distance_to_barrier_pct"": 34.2}, {""name"": ""Novartis AG"", ""ticker"": ""NOVN SW"", ""asset_class"": ""Equity"", ""currency"": ""CHF"", ""spot_price"": 98.4, ""strike_level_pct"": 100.0, ""barrier_level_pct"": 65.0, ""current_price"": 101.2, ""performance_pct"": 2.85, ""barrier_hit"": false, ""distance_to_barrier_pct"": 37.85}, {""name"": ""Roche Holding AG"", ""ticker"": ""ROG SW"", ""asset_class"": ""Equity"", ""currency"": ""CHF"", ""spot_price"": 245.0, ""strike_level_pct"": 100.0, ""barrier_level_pct"": 65.0, ""current_price"": 242.1, ""performance_pct"": -1.18, ""barrier_hit"": false, ""distance_to_barrier_pct"": 33.82}]",0.5,0.25,0.0,0.05,0.8,"Standard BRC fee model: 50 bps distribution fee, 25 bps structuring fee, 5 bps exchange clearing fee."
RFQ-102,PRD-102,CH1261564202,"6M Autocallable BRC on AAPL, MSFT, NVDA",Autocallable BRC,Worst-of Basket,open,USD,250000.0,Geneva Global Alpha,2026-09-29T08:30:00Z,2026-09-29T17:00:00Z,,,"[{""issuer"": ""BNP Paribas"", ""price_pct"": 99.9, ""coupon_pct_pa"": 9.5, ""timestamp"": ""2026-09-29T08:45:00Z"", ""valid_until"": ""2026-09-29T17:00:00Z""}]","{""issuer"": ""BNP Paribas"", ""price_pct"": 99.9, ""coupon_pct_pa"": 9.5, ""timestamp"": ""2026-09-29T08:45:00Z"", ""valid_until"": ""2026-09-29T17:00:00Z""}",AAPL US; MSFT US; NVDA US,"[{""name"": ""Apple Inc."", ""ticker"": ""AAPL US"", ""asset_class"": ""Equity"", ""currency"": ""USD"", ""spot_price"": 225.0, ""strike_level_pct"": 100.0, ""barrier_level_pct"": 70.0, ""current_price"": 228.5, ""performance_pct"": 1.56, ""barrier_hit"": false, ""distance_to_barrier_pct"": 31.56}, {""name"": ""Microsoft Corporation"", ""ticker"": ""MSFT US"", ""asset_class"": ""Equity"", ""currency"": ""USD"", ""spot_price"": 430.0, ""strike_level_pct"": 100.0, ""barrier_level_pct"": 70.0, ""current_price"": 425.0, ""performance_pct"": -1.16, ""barrier_hit"": false, ""distance_to_barrier_pct"": 28.84}, {""name"": ""NVIDIA Corporation"", ""ticker"": ""NVDA US"", ""asset_class"": ""Equity"", ""currency"": ""USD"", ""spot_price"": 120.0, ""strike_level_pct"": 100.0, ""barrier_level_pct"": 70.0, ""current_price"": 124.8, ""performance_pct"": 4.0, ""barrier_hit"": false, ""distance_to_barrier_pct"": 34.0}]",0.4,0.2,0.1,0.05,0.75,"Autocallable US Tech fee schedule: 40 bps distribution fee, 20 bps structuring fee, 10 bps annual management fee."
RFQ-103,PRD-103,CH1261564203,2Y Capital Protection Certificate on Euro Stoxx 50,Capital Protection,Single Index Underlying,traded,EUR,500000.0,Basel Institutional Funds,2026-09-27T11:00:00Z,2026-09-27T16:00:00Z,ZKB,100.0,"[{""issuer"": ""ZKB"", ""price_pct"": 100.0, ""coupon_pct_pa"": 3.5, ""timestamp"": ""2026-09-27T11:15:00Z"", ""valid_until"": ""2026-09-27T16:00:00Z""}, {""issuer"": ""UBS"", ""price_pct"": 99.8, ""coupon_pct_pa"": 3.25, ""timestamp"": ""2026-09-27T11:20:00Z"", ""valid_until"": ""2026-09-27T16:00:00Z""}]","{""issuer"": ""ZKB"", ""price_pct"": 100.0, ""coupon_pct_pa"": 3.5, ""timestamp"": ""2026-09-27T11:15:00Z"", ""valid_until"": ""2026-09-27T16:00:00Z""}",SX5E EU,"[{""name"": ""Euro Stoxx 50 Index"", ""ticker"": ""SX5E EU"", ""asset_class"": ""Equity Index"", ""currency"": ""EUR"", ""spot_price"": 4900.0, ""strike_level_pct"": 100.0, ""barrier_level_pct"": null, ""current_price"": 4950.0, ""performance_pct"": 1.02, ""barrier_hit"": false, ""distance_to_barrier_pct"": null}]",0.3,0.15,0.05,0.02,0.52,"Capital protection structure with institutional scale: 30 bps distribution, 15 bps structuring, 5 bps mgmt fee."
RFQ-104,PRD-104,CH1261564204,"18M Barrier Reverse Convertible on ABB, Sika, Geberit",Barrier Reverse Convertible,Worst-of Basket,open,CHF,150000.0,Lugano Private Clients,2026-09-29T09:45:00Z,2026-09-29T18:00:00Z,,,[],,ABBN SW; SIKA SW; GEBN SW,"[{""name"": ""ABB Ltd"", ""ticker"": ""ABBN SW"", ""asset_class"": ""Equity"", ""currency"": ""CHF"", ""spot_price"": 48.5, ""strike_level_pct"": 100.0, ""barrier_level_pct"": 60.0, ""current_price"": 47.9, ""performance_pct"": -1.24, ""barrier_hit"": false, ""distance_to_barrier_pct"": 38.76}, {""name"": ""Sika AG"", ""ticker"": ""SIKA SW"", ""asset_class"": ""Equity"", ""currency"": ""CHF"", ""spot_price"": 265.0, ""strike_level_pct"": 100.0, ""barrier_level_pct"": 60.0, ""current_price"": 270.2, ""performance_pct"": 1.96, ""barrier_hit"": false, ""distance_to_barrier_pct"": 41.96}, {""name"": ""Geberit AG"", ""ticker"": ""GEBN SW"", ""asset_class"": ""Equity"", ""currency"": ""CHF"", ""spot_price"": 540.0, ""strike_level_pct"": 100.0, ""barrier_level_pct"": 60.0, ""current_price"": 538.0, ""performance_pct"": -0.37, ""barrier_hit"": false, ""distance_to_barrier_pct"": 39.63}]",0.6,0.3,0.0,0.05,0.95,"18M Swiss industrial basket: 60 bps distribution, 30 bps structuring fee."
RFQ-105,PRD-105,CH1261564205,3M Reverse Convertible on Tesla and Amazon,Reverse Convertible,Worst-of Basket,expired,USD,75000.0,EAM Zurich Partners,2026-09-25T14:00:00Z,2026-09-25T17:00:00Z,,,"[{""issuer"": ""UBS"", ""price_pct"": 99.5, ""coupon_pct_pa"": 8.8, ""timestamp"": ""2026-09-25T14:30:00Z"", ""valid_until"": ""2026-09-25T17:00:00Z""}]","{""issuer"": ""UBS"", ""price_pct"": 99.5, ""coupon_pct_pa"": 8.8, ""timestamp"": ""2026-09-25T14:30:00Z"", ""valid_until"": ""2026-09-25T17:00:00Z""}",TSLA US; AMZN US,"[{""name"": ""Tesla Inc."", ""ticker"": ""TSLA US"", ""asset_class"": ""Equity"", ""currency"": ""USD"", ""spot_price"": 215.0, ""strike_level_pct"": 100.0, ""barrier_level_pct"": 75.0, ""current_price"": 202.0, ""performance_pct"": -6.05, ""barrier_hit"": false, ""distance_to_barrier_pct"": 18.95}, {""name"": ""Amazon.com Inc."", ""ticker"": ""AMZN US"", ""asset_class"": ""Equity"", ""currency"": ""USD"", ""spot_price"": 185.0, ""strike_level_pct"": 100.0, ""barrier_level_pct"": 75.0, ""current_price"": 189.5, ""performance_pct"": 2.43, ""barrier_hit"": false, ""distance_to_barrier_pct"": 27.43}]",0.5,0.25,0.0,0.05,0.8,"Short-tenor US dual-equity RC: 50 bps distribution fee, 25 bps structuring fee."
RFQ-106,PRD-106,CH1261564106,"24M Multi Barrier Reverse Convertible on AVGO, AMZN, NVDA",Barrier Reverse Convertible,Worst-of Basket,quoted,USD,50000.0,Geneva Global Alpha,2026-09-21T09:24:00Z,2026-09-21T17:00:00Z,,,"[{""issuer"": ""Morgan Stanley"", ""price_pct"": 99.89, ""coupon_pct_pa"": 6.24, ""timestamp"": ""2026-09-21T10:24:00Z"", ""valid_until"": ""2026-09-21T17:00:00Z""}]","{""issuer"": ""Morgan Stanley"", ""price_pct"": 99.89, ""coupon_pct_pa"": 6.24, ""timestamp"": ""2026-09-21T10:24:00Z"", ""valid_until"": ""2026-09-21T17:00:00Z""}",AVGO US; AMZN US; NVDA US,"[{""name"": ""Broadcom Inc."", ""ticker"": ""AVGO US"", ""asset_class"": ""Equity"", ""currency"": ""USD"", ""spot_price"": 172.0, ""strike_level_pct"": 100.0, ""barrier_level_pct"": 55.0, ""current_price"": 181.37, ""performance_pct"": 5.45, ""barrier_hit"": false, ""distance_to_barrier_pct"": 50.45}, {""name"": ""Amazon.com Inc."", ""ticker"": ""AMZN US"", ""asset_class"": ""Equity"", ""currency"": ""USD"", ""spot_price"": 188.0, ""strike_level_pct"": 100.0, ""barrier_level_pct"": 55.0, ""current_price"": 216.48, ""performance_pct"": 15.15, ""barrier_hit"": false, ""distance_to_barrier_pct"": 60.15}, {""name"": ""NVIDIA Corporation"", ""ticker"": ""NVDA US"", ""asset_class"": ""Equity"", ""currency"": ""USD"", ""spot_price"": 122.5, ""strike_level_pct"": 100.0, ""barrier_level_pct"": 55.0, ""current_price"": 96.66, ""performance_pct"": -21.09, ""barrier_hit"": false, ""distance_to_barrier_pct"": 23.91}]",0.5,0.25,0.0,0.02,0.77,"24M Barrier Reverse Convertible fee schedule: 50 bps distribution, 25 bps structuring, 2 bps exchange clearing."
RFQ-107,PRD-107,CH1261564107,"9M Multi Outperformance Certificate on TSLA, V",Outperformance Certificate,Worst-of Basket,quoted,USD,150000.0,Helvetia Capital Partners,2026-09-23T09:12:00Z,2026-09-23T17:00:00Z,,,"[{""issuer"": ""Morgan Stanley"", ""price_pct"": 99.96, ""coupon_pct_pa"": 9.25, ""timestamp"": ""2026-09-23T10:33:00Z"", ""valid_until"": ""2026-09-23T17:00:00Z""}, {""issuer"": ""UBS"", ""price_pct"": 100.03, ""coupon_pct_pa"": 9.0, ""timestamp"": ""2026-09-23T10:12:00Z"", ""valid_until"": ""2026-09-23T17:00:00Z""}, {""issuer"": ""Julius Baer"", ""price_pct"": 100.1, ""coupon_pct_pa"": 9.08, ""timestamp"": ""2026-09-23T10:15:00Z"", ""valid_until"": ""2026-09-23T17:00:00Z""}, {""issuer"": ""Barclays"", ""price_pct"": 100.18, ""coupon_pct_pa"": 9.28, ""timestamp"": ""2026-09-23T10:34:00Z"", ""valid_until"": ""2026-09-23T17:00:00Z""}]","{""issuer"": ""Barclays"", ""price_pct"": 100.18, ""coupon_pct_pa"": 9.28, ""timestamp"": ""2026-09-23T10:34:00Z"", ""valid_until"": ""2026-09-23T17:00:00Z""}",TSLA US; V US,"[{""name"": ""Tesla Inc."", ""ticker"": ""TSLA US"", ""asset_class"": ""Equity"", ""currency"": ""USD"", ""spot_price"": 218.0, ""strike_level_pct"": 100.0, ""barrier_level_pct"": 65.0, ""current_price"": 173.53, ""performance_pct"": -20.4, ""barrier_hit"": false, ""distance_to_barrier_pct"": 14.6}, {""name"": ""Visa Inc."", ""ticker"": ""V US"", ""asset_class"": ""Equity"", ""currency"": ""USD"", ""spot_price"": 282.0, ""strike_level_pct"": 100.0, ""barrier_level_pct"": 65.0, ""current_price"": 259.72, ""performance_pct"": -7.9, ""barrier_hit"": false, ""distance_to_barrier_pct"": 27.1}]",0.4,0.3,0.05,0.02,0.77,"9M Outperformance Certificate fee schedule: 40 bps distribution, 30 bps structuring, 5 bps p.a. management fee, 2 bps exchange clearing."
RFQ-108,PRD-108,CH1261564108,24M Capital Protection Certificate on SMI,Capital Protection,Single Index Underlying,open,CHF,500000.0,Lugano Private Clients,2026-09-20T09:39:00Z,2026-09-20T17:00:00Z,,,"[{""issuer"": ""Raiffeisen Switzerland"", ""price_pct"": 99.98, ""coupon_pct_pa"": 6.32, ""timestamp"": ""2026-09-20T10:15:00Z"", ""valid_until"": ""2026-09-20T17:00:00Z""}]","{""issuer"": ""Raiffeisen Switzerland"", ""price_pct"": 99.98, ""coupon_pct_pa"": 6.32, ""timestamp"": ""2026-09-20T10:15:00Z"", ""valid_until"": ""2026-09-20T17:00:00Z""}",SMI,"[{""name"": ""Swiss Market Index"", ""ticker"": ""SMI"", ""asset_class"": ""Equity Index"", ""currency"": ""CHF"", ""spot_price"": 12150.0, ""strike_level_pct"": 100.0, ""barrier_level_pct"": null, ""current_price"": 12880.22, ""performance_pct"": 6.01, ""barrier_hit"": false, ""distance_to_barrier_pct"": null}]",0.4,0.15,0.0,0.02,0.57,"24M Capital Protection fee schedule: 40 bps distribution, 15 bps structuring, 2 bps exchange clearing."
RFQ-109,PRD-109,CH1261564109,9M Discount Certificate on SIE,Discount Certificate,Single Underlying,quoted,EUR,500000.0,Lucerne Asset Management,2026-09-27T09:39:00Z,2026-09-27T17:00:00Z,,,"[{""issuer"": ""LUKB"", ""price_pct"": 99.64, ""coupon_pct_pa"": 6.53, ""timestamp"": ""2026-09-27T10:47:00Z"", ""valid_until"": ""2026-09-27T17:00:00Z""}, {""issuer"": ""Vontobel"", ""price_pct"": 99.93, ""coupon_pct_pa"": 6.4, ""timestamp"": ""2026-09-27T10:33:00Z"", ""valid_until"": ""2026-09-27T17:00:00Z""}]","{""issuer"": ""LUKB"", ""price_pct"": 99.64, ""coupon_pct_pa"": 6.53, ""timestamp"": ""2026-09-27T10:47:00Z"", ""valid_until"": ""2026-09-27T17:00:00Z""}",SIE GY,"[{""name"": ""Siemens AG"", ""ticker"": ""SIE GY"", ""asset_class"": ""Equity"", ""currency"": ""EUR"", ""spot_price"": 178.0, ""strike_level_pct"": 100.0, ""barrier_level_pct"": 75.0, ""current_price"": 203.7, ""performance_pct"": 14.44, ""barrier_hit"": false, ""distance_to_barrier_pct"": 39.44}]",0.3,0.2,0.15,0.03,0.68,"9M Discount Certificate fee schedule: 30 bps distribution, 20 bps structuring, 15 bps p.a. management fee, 3 bps exchange clearing."
RFQ-110,PRD-110,CH1261564110,3Y Barrier Reverse Convertible on ZURN,Barrier Reverse Convertible,Single Underlying,quoted,CHF,50000.0,Vaud Family Office,2026-09-27T09:48:00Z,2026-09-27T17:00:00Z,,,"[{""issuer"": ""Morgan Stanley"", ""price_pct"": 100.2, ""coupon_pct_pa"": 9.55, ""timestamp"": ""2026-09-27T10:27:00Z"", ""valid_until"": ""2026-09-27T17:00:00Z""}, {""issuer"": ""LUKB"", ""price_pct"": 99.71, ""coupon_pct_pa"": 10.21, ""timestamp"": ""2026-09-27T10:28:00Z"", ""valid_until"": ""2026-09-27T17:00:00Z""}, {""issuer"": ""Raiffeisen Switzerland"", ""price_pct"": 99.81, ""coupon_pct_pa"": 9.87, ""timestamp"": ""2026-09-27T10:26:00Z"", ""valid_until"": ""2026-09-27T17:00:00Z""}, {""issuer"": ""ZKB"", ""price_pct"": 100.09, ""coupon_pct_pa"": 10.41, ""timestamp"": ""2026-09-27T10:42:00Z"", ""valid_until"": ""2026-09-27T17:00:00Z""}]","{""issuer"": ""ZKB"", ""price_pct"": 100.09, ""coupon_pct_pa"": 10.41, ""timestamp"": ""2026-09-27T10:42:00Z"", ""valid_until"": ""2026-09-27T17:00:00Z""}",ZURN SW,"[{""name"": ""Zurich Insurance Group AG"", ""ticker"": ""ZURN SW"", ""asset_class"": ""Equity"", ""currency"": ""CHF"", ""spot_price"": 512.0, ""strike_level_pct"": 100.0, ""barrier_level_pct"": 60.0, ""current_price"": 566.48, ""performance_pct"": 10.64, ""barrier_hit"": false, ""distance_to_barrier_pct"": 50.64}]",0.25,0.25,0.15,0.05,0.7,"3Y Barrier Reverse Convertible fee schedule: 25 bps distribution, 25 bps structuring, 15 bps p.a. management fee, 5 bps exchange clearing."
RFQ-111,PRD-111,CH1261564111,"3Y Multi Outperformance Certificate on STMN, SREN",Outperformance Certificate,Worst-of Basket,open,CHF,150000.0,Matterhorn Family Office,2026-09-24T09:25:00Z,2026-09-24T17:00:00Z,,,"[{""issuer"": ""Barclays"", ""price_pct"": 100.16, ""coupon_pct_pa"": 5.51, ""timestamp"": ""2026-09-24T10:15:00Z"", ""valid_until"": ""2026-09-24T17:00:00Z""}]","{""issuer"": ""Barclays"", ""price_pct"": 100.16, ""coupon_pct_pa"": 5.51, ""timestamp"": ""2026-09-24T10:15:00Z"", ""valid_until"": ""2026-09-24T17:00:00Z""}",STMN SW; SREN SW,"[{""name"": ""Straumann Holding AG"", ""ticker"": ""STMN SW"", ""asset_class"": ""Equity"", ""currency"": ""CHF"", ""spot_price"": 122.0, ""strike_level_pct"": 100.0, ""barrier_level_pct"": 55.0, ""current_price"": 124.38, ""performance_pct"": 1.95, ""barrier_hit"": false, ""distance_to_barrier_pct"": 46.95}, {""name"": ""Swiss Re AG"", ""ticker"": ""SREN SW"", ""asset_class"": ""Equity"", ""currency"": ""CHF"", ""spot_price"": 116.0, ""strike_level_pct"": 100.0, ""barrier_level_pct"": 55.0, ""current_price"": 112.51, ""performance_pct"": -3.01, ""barrier_hit"": false, ""distance_to_barrier_pct"": 41.99}]",0.5,0.15,0.15,0.02,0.82,"3Y Outperformance Certificate fee schedule: 50 bps distribution, 15 bps structuring, 15 bps p.a. management fee, 2 bps exchange clearing."
RFQ-112,PRD-112,CH1261564112,"18M Multi Twin-Win Certificate on LONN, SREN",Twin-Win Certificate,Worst-of Basket,quoted,CHF,500000.0,Bernese Asset Management,2026-09-21T09:29:00Z,2026-09-21T17:00:00Z,,,"[{""issuer"": ""Raiffeisen Switzerland"", ""price_pct"": 99.7, ""coupon_pct_pa"": 5.19, ""timestamp"": ""2026-09-21T10:47:00Z"", ""valid_until"": ""2026-09-21T17:00:00Z""}, {""issuer"": ""Societe Generale"", ""price_pct"": 99.93, ""coupon_pct_pa"": 5.52, ""timestamp"": ""2026-09-21T10:10:00Z"", ""valid_until"": ""2026-09-21T17:00:00Z""}, {""issuer"": ""Goldman Sachs"", ""price_pct"": 99.97, ""coupon_pct_pa"": 5.04, ""timestamp"": ""2026-09-21T10:24:00Z"", ""valid_until"": ""2026-09-21T17:00:00Z""}, {""issuer"": ""Morgan Stanley"", ""price_pct"": 99.43, ""coupon_pct_pa"": 5.04, ""timestamp"": ""2026-09-21T10:31:00Z"", ""valid_until"": ""2026-09-21T17:00:00Z""}]","{""issuer"": ""Societe Generale"", ""price_pct"": 99.93, ""coupon_pct_pa"": 5.52, ""timestamp"": ""2026-09-21T10:10:00Z"", ""valid_until"": ""2026-09-21T17:00:00Z""}",LONN SW; SREN SW,"[{""name"": ""Lonza Group AG"", ""ticker"": ""LONN SW"", ""asset_class"": ""Equity"", ""currency"": ""CHF"", ""spot_price"": 520.0, ""strike_level_pct"": 100.0, ""barrier_level_pct"": 75.0, ""current_price"": 489.01, ""performance_pct"": -5.96, ""barrier_hit"": false, ""distance_to_barrier_pct"": 19.04}, {""name"": ""Swiss Re AG"", ""ticker"": ""SREN SW"", ""asset_class"": ""Equity"", ""currency"": ""CHF"", ""spot_price"": 116.0, ""strike_level_pct"": 100.0, ""barrier_level_pct"": 75.0, ""current_price"": 98.05, ""performance_pct"": -15.47, ""barrier_hit"": false, ""distance_to_barrier_pct"": 9.53}]",0.25,0.2,0.05,0.05,0.55,"18M Twin-Win Certificate fee schedule: 25 bps distribution, 20 bps structuring, 5 bps p.a. management fee, 5 bps exchange clearing."
RFQ-113,PRD-113,CH1261564113,"24M Multi Reverse Convertible on QCOM, AMZN, V, AVGO",Reverse Convertible,Worst-of Basket,quoted,USD,500000.0,Zurich Cantonal Wealth,2026-09-18T09:13:00Z,2026-09-18T17:00:00Z,,,"[{""issuer"": ""Societe Generale"", ""price_pct"": 99.78, ""coupon_pct_pa"": 5.97, ""timestamp"": ""2026-09-18T10:27:00Z"", ""valid_until"": ""2026-09-18T17:00:00Z""}, {""issuer"": ""UBS"", ""price_pct"": 100.19, ""coupon_pct_pa"": 5.98, ""timestamp"": ""2026-09-18T10:14:00Z"", ""valid_until"": ""2026-09-18T17:00:00Z""}, {""issuer"": ""BNP Paribas"", ""price_pct"": 100.18, ""coupon_pct_pa"": 5.96, ""timestamp"": ""2026-09-18T10:45:00Z"", ""valid_until"": ""2026-09-18T17:00:00Z""}, {""issuer"": ""Morgan Stanley"", ""price_pct"": 99.99, ""coupon_pct_pa"": 5.62, ""timestamp"": ""2026-09-18T10:44:00Z"", ""valid_until"": ""2026-09-18T17:00:00Z""}]","{""issuer"": ""UBS"", ""price_pct"": 100.19, ""coupon_pct_pa"": 5.98, ""timestamp"": ""2026-09-18T10:14:00Z"", ""valid_until"": ""2026-09-18T17:00:00Z""}",QCOM US; AMZN US; V US; AVGO US,"[{""name"": ""Qualcomm Inc."", ""ticker"": ""QCOM US"", ""asset_class"": ""Equity"", ""currency"": ""USD"", ""spot_price"": 168.0, ""strike_level_pct"": 100.0, ""barrier_level_pct"": 70.0, ""current_price"": 140.4, ""performance_pct"": -16.43, ""barrier_hit"": false, ""distance_to_barrier_pct"": 13.57}, {""name"": ""Amazon.com Inc."", ""ticker"": ""AMZN US"", ""asset_class"": ""Equity"", ""currency"": ""USD"", ""spot_price"": 188.0, ""strike_level_pct"": 100.0, ""barrier_level_pct"": 70.0, ""current_price"": 149.2, ""performance_pct"": -20.64, ""barrier_hit"": false, ""distance_to_barrier_pct"": 9.36}, {""name"": ""Visa Inc."", ""ticker"": ""V US"", ""asset_class"": ""Equity"", ""currency"": ""USD"", ""spot_price"": 282.0, ""strike_level_pct"": 100.0, ""barrier_level_pct"": 70.0, ""current_price"": 266.21, ""performance_pct"": -5.6, ""barrier_hit"": false, ""distance_to_barrier_pct"": 24.4}, {""name"": ""Broadcom Inc."", ""ticker"": ""AVGO US"", ""asset_class"": ""Equity"", ""currency"": ""USD"", ""spot_price"": 172.0, ""strike_level_pct"": 100.0, ""barrier_level_pct"": 70.0, ""current_price"": 161.78, ""performance_pct"": -5.94, ""barrier_hit"": false, ""distance_to_barrier_pct"": 24.06}]",0.25,0.15,0.0,0.02,0.42,"24M Reverse Convertible fee schedule: 25 bps distribution, 15 bps structuring, 2 bps exchange clearing."
RFQ-114,PRD-114,CH1261564114,"6M Multi Twin-Win Certificate on MSFT, NVDA, TSLA",Twin-Win Certificate,Worst-of Basket,quoted,USD,200000.0,Bernese Asset Management,2026-09-30T09:19:00Z,2026-09-30T17:00:00Z,,,"[{""issuer"": ""LUKB"", ""price_pct"": 99.89, ""coupon_pct_pa"": 12.33, ""timestamp"": ""2026-09-30T10:30:00Z"", ""valid_until"": ""2026-09-30T17:00:00Z""}, {""issuer"": ""BNP Paribas"", ""price_pct"": 99.93, ""coupon_pct_pa"": 11.81, ""timestamp"": ""2026-09-30T10:42:00Z"", ""valid_until"": ""2026-09-30T17:00:00Z""}]","{""issuer"": ""LUKB"", ""price_pct"": 99.89, ""coupon_pct_pa"": 12.33, ""timestamp"": ""2026-09-30T10:30:00Z"", ""valid_until"": ""2026-09-30T17:00:00Z""}",MSFT US; NVDA US; TSLA US,"[{""name"": ""Microsoft Corporation"", ""ticker"": ""MSFT US"", ""asset_class"": ""Equity"", ""currency"": ""USD"", ""spot_price"": 428.0, ""strike_level_pct"": 100.0, ""barrier_level_pct"": 55.0, ""current_price"": 510.78, ""performance_pct"": 19.34, ""barrier_hit"": false, ""distance_to_barrier_pct"": 64.34}, {""name"": ""NVIDIA Corporation"", ""ticker"": ""NVDA US"", ""asset_class"": ""Equity"", ""currency"": ""USD"", ""spot_price"": 122.5, ""strike_level_pct"": 100.0, ""barrier_level_pct"": 55.0, ""current_price"": 106.49, ""performance_pct"": -13.07, ""barrier_hit"": false, ""distance_to_barrier_pct"": 31.93}, {""name"": ""Tesla Inc."", ""ticker"": ""TSLA US"", ""asset_class"": ""Equity"", ""currency"": ""USD"", ""spot_price"": 218.0, ""strike_level_pct"": 100.0, ""barrier_level_pct"": 55.0, ""current_price"": 240.41, ""performance_pct"": 10.28, ""barrier_hit"": false, ""distance_to_barrier_pct"": 55.28}]",0.6,0.2,0.0,0.05,0.85,"6M Twin-Win Certificate fee schedule: 60 bps distribution, 20 bps structuring, 5 bps exchange clearing."
RFQ-115,PRD-115,CH1261564115,"3M Multi Reverse Convertible on ROG, GEBN, ALC, UBSG",Reverse Convertible,Worst-of Basket,quoted,CHF,250000.0,St. Gallen Private Wealth,2026-09-23T09:23:00Z,2026-09-23T17:00:00Z,,,"[{""issuer"": ""BNP Paribas"", ""price_pct"": 99.81, ""coupon_pct_pa"": 5.7, ""timestamp"": ""2026-09-23T10:14:00Z"", ""valid_until"": ""2026-09-23T17:00:00Z""}, {""issuer"": ""LUKB"", ""price_pct"": 99.96, ""coupon_pct_pa"": 5.06, ""timestamp"": ""2026-09-23T10:46:00Z"", ""valid_until"": ""2026-09-23T17:00:00Z""}, {""issuer"": ""Julius Baer"", ""price_pct"": 99.47, ""coupon_pct_pa"": 6.05, ""timestamp"": ""2026-09-23T10:23:00Z"", ""valid_until"": ""2026-09-23T17:00:00Z""}]","{""issuer"": ""Julius Baer"", ""price_pct"": 99.47, ""coupon_pct_pa"": 6.05, ""timestamp"": ""2026-09-23T10:23:00Z"", ""valid_until"": ""2026-09-23T17:00:00Z""}",ROG SW; GEBN SW; ALC SW; UBSG SW,"[{""name"": ""Roche Holding AG"", ""ticker"": ""ROG SW"", ""asset_class"": ""Equity"", ""currency"": ""CHF"", ""spot_price"": 248.0, ""strike_level_pct"": 100.0, ""barrier_level_pct"": 75.0, ""current_price"": 213.48, ""performance_pct"": -13.92, ""barrier_hit"": false, ""distance_to_barrier_pct"": 11.08}, {""name"": ""Geberit AG"", ""ticker"": ""GEBN SW"", ""asset_class"": ""Equity"", ""currency"": ""CHF"", ""spot_price"": 535.0, ""strike_level_pct"": 100.0, ""barrier_level_pct"": 75.0, ""current_price"": 544.36, ""performance_pct"": 1.75, ""barrier_hit"": false, ""distance_to_barrier_pct"": 26.75}, {""name"": ""Alcon AG"", ""ticker"": ""ALC SW"", ""asset_class"": ""Equity"", ""currency"": ""CHF"", ""spot_price"": 84.0, ""strike_level_pct"": 100.0, ""barrier_level_pct"": 75.0, ""current_price"": 86.41, ""performance_pct"": 2.87, ""barrier_hit"": false, ""distance_to_barrier_pct"": 27.87}, {""name"": ""UBS Group AG"", ""ticker"": ""UBSG SW"", ""asset_class"": ""Equity"", ""currency"": ""CHF"", ""spot_price"": 27.5, ""strike_level_pct"": 100.0, ""barrier_level_pct"": 75.0, ""current_price"": 25.81, ""performance_pct"": -6.13, ""barrier_hit"": false, ""distance_to_barrier_pct"": 18.85}]",0.6,0.25,0.0,0.03,0.88,"3M Reverse Convertible fee schedule: 60 bps distribution, 25 bps structuring, 3 bps exchange clearing."
RFQ-116,PRD-116,CH1261564116,9M Capital Protection Certificate on DAX GY,Capital Protection,Single Index Underlying,traded,EUR,250000.0,Zug Wealth Management,2026-09-15T09:45:00Z,2026-09-15T17:00:00Z,Raiffeisen Switzerland,100.07,"[{""issuer"": ""Raiffeisen Switzerland"", ""price_pct"": 100.07, ""coupon_pct_pa"": 7.01, ""timestamp"": ""2026-09-15T10:19:00Z"", ""valid_until"": ""2026-09-15T17:00:00Z""}, {""issuer"": ""UBS"", ""price_pct"": 99.94, ""coupon_pct_pa"": 6.39, ""timestamp"": ""2026-09-15T10:55:00Z"", ""valid_until"": ""2026-09-15T17:00:00Z""}, {""issuer"": ""Vontobel"", ""price_pct"": 100.02, ""coupon_pct_pa"": 6.46, ""timestamp"": ""2026-09-15T10:26:00Z"", ""valid_until"": ""2026-09-15T17:00:00Z""}]","{""issuer"": ""Raiffeisen Switzerland"", ""price_pct"": 100.07, ""coupon_pct_pa"": 7.01, ""timestamp"": ""2026-09-15T10:19:00Z"", ""valid_until"": ""2026-09-15T17:00:00Z""}",DAX GY,"[{""name"": ""DAX 40 Index"", ""ticker"": ""DAX GY"", ""asset_class"": ""Equity Index"", ""currency"": ""EUR"", ""spot_price"": 19200.0, ""strike_level_pct"": 100.0, ""barrier_level_pct"": null, ""current_price"": 21346.56, ""performance_pct"": 11.18, ""barrier_hit"": false, ""distance_to_barrier_pct"": null}]",0.6,0.3,0.05,0.02,0.97,"9M Capital Protection fee schedule: 60 bps distribution, 30 bps structuring, 5 bps p.a. management fee, 2 bps exchange clearing."
RFQ-117,PRD-117,CH1261564117,"3Y Multi Discount Certificate on NOVN, NESN, GIVN",Discount Certificate,Worst-of Basket,quoted,CHF,200000.0,Alpen Private Wealth,2026-09-15T09:17:00Z,2026-09-15T17:00:00Z,,,"[{""issuer"": ""Vontobel"", ""price_pct"": 99.92, ""coupon_pct_pa"": 9.19, ""timestamp"": ""2026-09-15T10:19:00Z"", ""valid_until"": ""2026-09-15T17:00:00Z""}]","{""issuer"": ""Vontobel"", ""price_pct"": 99.92, ""coupon_pct_pa"": 9.19, ""timestamp"": ""2026-09-15T10:19:00Z"", ""valid_until"": ""2026-09-15T17:00:00Z""}",NOVN SW; NESN SW; GIVN SW,"[{""name"": ""Novartis AG"", ""ticker"": ""NOVN SW"", ""asset_class"": ""Equity"", ""currency"": ""CHF"", ""spot_price"": 99.0, ""strike_level_pct"": 100.0, ""barrier_level_pct"": 60.0, ""current_price"": 102.63, ""performance_pct"": 3.67, ""barrier_hit"": false, ""distance_to_barrier_pct"": 43.67}, {""name"": ""Nestl\u00e9 SA"", ""ticker"": ""NESN SW"", ""asset_class"": ""Equity"", ""currency"": ""CHF"", ""spot_price"": 92.5, ""strike_level_pct"": 100.0, ""barrier_level_pct"": 60.0, ""current_price"": 80.28, ""performance_pct"": -13.21, ""barrier_hit"": false, ""distance_to_barrier_pct"": 26.79}, {""name"": ""Givaudan SA"", ""ticker"": ""GIVN SW"", ""asset_class"": ""Equity"", ""currency"": ""CHF"", ""spot_price"": 4150.0, ""strike_level_pct"": 100.0, ""barrier_level_pct"": 60.0, ""current_price"": 4496.94, ""performance_pct"": 8.36, ""barrier_hit"": false, ""distance_to_barrier_pct"": 48.36}]",0.5,0.2,0.0,0.03,0.73,"3Y Discount Certificate fee schedule: 50 bps distribution, 20 bps structuring, 3 bps exchange clearing."
RFQ-118,PRD-118,CH1261564118,"9M Multi Barrier Reverse Convertible on GEBN, UBSG",Barrier Reverse Convertible,Worst-of Basket,quoted,CHF,250000.0,Bernese Asset Management,2026-09-19T09:25:00Z,2026-09-19T17:00:00Z,,,"[{""issuer"": ""Vontobel"", ""price_pct"": 99.7, ""coupon_pct_pa"": 4.94, ""timestamp"": ""2026-09-19T10:36:00Z"", ""valid_until"": ""2026-09-19T17:00:00Z""}, {""issuer"": ""Julius Baer"", ""price_pct"": 100.18, ""coupon_pct_pa"": 5.0, ""timestamp"": ""2026-09-19T10:25:00Z"", ""valid_until"": ""2026-09-19T17:00:00Z""}]","{""issuer"": ""Julius Baer"", ""price_pct"": 100.18, ""coupon_pct_pa"": 5.0, ""timestamp"": ""2026-09-19T10:25:00Z"", ""valid_until"": ""2026-09-19T17:00:00Z""}",GEBN SW; UBSG SW,"[{""name"": ""Geberit AG"", ""ticker"": ""GEBN SW"", ""asset_class"": ""Equity"", ""currency"": ""CHF"", ""spot_price"": 535.0, ""strike_level_pct"": 100.0, ""barrier_level_pct"": 65.0, ""current_price"": 589.09, ""performance_pct"": 10.11, ""barrier_hit"": false, ""distance_to_barrier_pct"": 45.11}, {""name"": ""UBS Group AG"", ""ticker"": ""UBSG SW"", ""asset_class"": ""Equity"", ""currency"": ""CHF"", ""spot_price"": 27.5, ""strike_level_pct"": 100.0, ""barrier_level_pct"": 65.0, ""current_price"": 31.57, ""performance_pct"": 14.79, ""barrier_hit"": false, ""distance_to_barrier_pct"": 49.8}]",0.4,0.2,0.0,0.03,0.63,"9M Barrier Reverse Convertible fee schedule: 40 bps distribution, 20 bps structuring, 3 bps exchange clearing."
RFQ-119,PRD-119,CH1261564119,"6M Multi Twin-Win Certificate on ALV, TTE",Twin-Win Certificate,Worst-of Basket,open,EUR,500000.0,Lugano Private Clients,2026-09-27T09:31:00Z,2026-09-27T17:00:00Z,,,"[{""issuer"": ""UBS"", ""price_pct"": 100.18, ""coupon_pct_pa"": 6.67, ""timestamp"": ""2026-09-27T10:15:00Z"", ""valid_until"": ""2026-09-27T17:00:00Z""}]","{""issuer"": ""UBS"", ""price_pct"": 100.18, ""coupon_pct_pa"": 6.67, ""timestamp"": ""2026-09-27T10:15:00Z"", ""valid_until"": ""2026-09-27T17:00:00Z""}",ALV GY; TTE FP,"[{""name"": ""Allianz SE"", ""ticker"": ""ALV GY"", ""asset_class"": ""Equity"", ""currency"": ""EUR"", ""spot_price"": 285.0, ""strike_level_pct"": 100.0, ""barrier_level_pct"": 65.0, ""current_price"": 318.97, ""performance_pct"": 11.92, ""barrier_hit"": false, ""distance_to_barrier_pct"": 46.92}, {""name"": ""TotalEnergies SE"", ""ticker"": ""TTE FP"", ""asset_class"": ""Equity"", ""currency"": ""EUR"", ""spot_price"": 61.5, ""strike_level_pct"": 100.0, ""barrier_level_pct"": 65.0, ""current_price"": 70.24, ""performance_pct"": 14.21, ""barrier_hit"": false, ""distance_to_barrier_pct"": 49.21}]",0.75,0.3,0.15,0.03,1.23,"6M Twin-Win Certificate fee schedule: 75 bps distribution, 30 bps structuring, 15 bps p.a. management fee, 3 bps exchange clearing."
RFQ-120,PRD-120,CH1261564120,"9M Multi Autocallable BRC on RACE, SU",Autocallable BRC,Worst-of Basket,traded,EUR,150000.0,Vaud Family Office,2026-09-18T09:34:00Z,2026-09-18T17:00:00Z,ZKB,100.25,"[{""issuer"": ""LUKB"", ""price_pct"": 100.23, ""coupon_pct_pa"": 9.67, ""timestamp"": ""2026-09-18T10:44:00Z"", ""valid_until"": ""2026-09-18T17:00:00Z""}, {""issuer"": ""ZKB"", ""price_pct"": 100.25, ""coupon_pct_pa"": 10.36, ""timestamp"": ""2026-09-18T10:52:00Z"", ""valid_until"": ""2026-09-18T17:00:00Z""}]","{""issuer"": ""ZKB"", ""price_pct"": 100.25, ""coupon_pct_pa"": 10.36, ""timestamp"": ""2026-09-18T10:52:00Z"", ""valid_until"": ""2026-09-18T17:00:00Z""}",RACE IM; SU FP,"[{""name"": ""Ferrari NV"", ""ticker"": ""RACE IM"", ""asset_class"": ""Equity"", ""currency"": ""EUR"", ""spot_price"": 420.0, ""strike_level_pct"": 100.0, ""barrier_level_pct"": 55.0, ""current_price"": 335.5, ""performance_pct"": -20.12, ""barrier_hit"": false, ""distance_to_barrier_pct"": 24.88}, {""name"": ""Schneider Electric SE"", ""ticker"": ""SU FP"", ""asset_class"": ""Equity"", ""currency"": ""EUR"", ""spot_price"": 240.0, ""strike_level_pct"": 100.0, ""barrier_level_pct"": 55.0, ""current_price"": 226.94, ""performance_pct"": -5.44, ""barrier_hit"": false, ""distance_to_barrier_pct"": 39.56}]",0.3,0.25,0.1,0.02,0.67,"9M Autocallable BRC fee schedule: 30 bps distribution, 25 bps structuring, 10 bps p.a. management fee, 2 bps exchange clearing."
RFQ-121,PRD-121,CH1261564121,"18M Multi Outperformance Certificate on MUV2, SAP, SU",Outperformance Certificate,Worst-of Basket,quoted,EUR,100000.0,Lugano Private Clients,2026-09-28T09:34:00Z,2026-09-28T17:00:00Z,,,"[{""issuer"": ""Barclays"", ""price_pct"": 99.4, ""coupon_pct_pa"": 6.96, ""timestamp"": ""2026-09-28T10:28:00Z"", ""valid_until"": ""2026-09-28T17:00:00Z""}, {""issuer"": ""Raiffeisen Switzerland"", ""price_pct"": 100.11, ""coupon_pct_pa"": 6.62, ""timestamp"": ""2026-09-28T10:48:00Z"", ""valid_until"": ""2026-09-28T17:00:00Z""}]","{""issuer"": ""Barclays"", ""price_pct"": 99.4, ""coupon_pct_pa"": 6.96, ""timestamp"": ""2026-09-28T10:28:00Z"", ""valid_until"": ""2026-09-28T17:00:00Z""}",MUV2 GY; SAP GY; SU FP,"[{""name"": ""Munich Re"", ""ticker"": ""MUV2 GY"", ""asset_class"": ""Equity"", ""currency"": ""EUR"", ""spot_price"": 480.0, ""strike_level_pct"": 100.0, ""barrier_level_pct"": 75.0, ""current_price"": 426.82, ""performance_pct"": -11.08, ""barrier_hit"": false, ""distance_to_barrier_pct"": 13.92}, {""name"": ""SAP SE"", ""ticker"": ""SAP GY"", ""asset_class"": ""Equity"", ""currency"": ""EUR"", ""spot_price"": 202.0, ""strike_level_pct"": 100.0, ""barrier_level_pct"": 75.0, ""current_price"": 188.63, ""performance_pct"": -6.62, ""barrier_hit"": false, ""distance_to_barrier_pct"": 18.38}, {""name"": ""Schneider Electric SE"", ""ticker"": ""SU FP"", ""asset_class"": ""Equity"", ""currency"": ""EUR"", ""spot_price"": 240.0, ""strike_level_pct"": 100.0, ""barrier_level_pct"": 75.0, ""current_price"": 223.46, ""performance_pct"": -6.89, ""barrier_hit"": false, ""distance_to_barrier_pct"": 18.11}]",0.75,0.25,0.1,0.03,1.13,"18M Outperformance Certificate fee schedule: 75 bps distribution, 25 bps structuring, 10 bps p.a. management fee, 3 bps exchange clearing."
RFQ-122,PRD-122,CH1261564122,18M Capital Protection Certificate on SPX US,Capital Protection,Single Index Underlying,quoted,USD,500000.0,Lombard Alpine Advisors,2026-09-25T09:15:00Z,2026-09-25T17:00:00Z,,,"[{""issuer"": ""Raiffeisen Switzerland"", ""price_pct"": 99.42, ""coupon_pct_pa"": 6.0, ""timestamp"": ""2026-09-25T10:25:00Z"", ""valid_until"": ""2026-09-25T17:00:00Z""}, {""issuer"": ""LUKB"", ""price_pct"": 99.95, ""coupon_pct_pa"": 6.78, ""timestamp"": ""2026-09-25T10:14:00Z"", ""valid_until"": ""2026-09-25T17:00:00Z""}]","{""issuer"": ""LUKB"", ""price_pct"": 99.95, ""coupon_pct_pa"": 6.78, ""timestamp"": ""2026-09-25T10:14:00Z"", ""valid_until"": ""2026-09-25T17:00:00Z""}",SPX US,"[{""name"": ""S&P 500 Index"", ""ticker"": ""SPX US"", ""asset_class"": ""Equity Index"", ""currency"": ""USD"", ""spot_price"": 5750.0, ""strike_level_pct"": 100.0, ""barrier_level_pct"": null, ""current_price"": 6161.12, ""performance_pct"": 7.15, ""barrier_hit"": false, ""distance_to_barrier_pct"": null}]",0.5,0.3,0.15,0.02,0.97,"18M Capital Protection fee schedule: 50 bps distribution, 30 bps structuring, 15 bps p.a. management fee, 2 bps exchange clearing."
RFQ-123,PRD-123,CH1261564123,"12M Multi Discount Certificate on AVGO, NVDA, BRK.B",Discount Certificate,Worst-of Basket,traded,USD,100000.0,Basel Institutional Funds,2026-09-29T09:13:00Z,2026-09-29T17:00:00Z,Goldman Sachs,100.26,"[{""issuer"": ""UBS"", ""price_pct"": 99.88, ""coupon_pct_pa"": 5.53, ""timestamp"": ""2026-09-29T10:45:00Z"", ""valid_until"": ""2026-09-29T17:00:00Z""}, {""issuer"": ""Goldman Sachs"", ""price_pct"": 100.26, ""coupon_pct_pa"": 5.67, ""timestamp"": ""2026-09-29T10:38:00Z"", ""valid_until"": ""2026-09-29T17:00:00Z""}]","{""issuer"": ""Goldman Sachs"", ""price_pct"": 100.26, ""coupon_pct_pa"": 5.67, ""timestamp"": ""2026-09-29T10:38:00Z"", ""valid_until"": ""2026-09-29T17:00:00Z""}",AVGO US; NVDA US; BRK.B US,"[{""name"": ""Broadcom Inc."", ""ticker"": ""AVGO US"", ""asset_class"": ""Equity"", ""currency"": ""USD"", ""spot_price"": 172.0, ""strike_level_pct"": 100.0, ""barrier_level_pct"": 55.0, ""current_price"": 198.09, ""performance_pct"": 15.17, ""barrier_hit"": false, ""distance_to_barrier_pct"": 60.17}, {""name"": ""NVIDIA Corporation"", ""ticker"": ""NVDA US"", ""asset_class"": ""Equity"", ""currency"": ""USD"", ""spot_price"": 122.5, ""strike_level_pct"": 100.0, ""barrier_level_pct"": 55.0, ""current_price"": 139.31, ""performance_pct"": 13.72, ""barrier_hit"": false, ""distance_to_barrier_pct"": 58.72}, {""name"": ""Berkshire Hathaway Inc."", ""ticker"": ""BRK.B US"", ""asset_class"": ""Equity"", ""currency"": ""USD"", ""spot_price"": 455.0, ""strike_level_pct"": 100.0, ""barrier_level_pct"": 55.0, ""current_price"": 522.57, ""performance_pct"": 14.85, ""barrier_hit"": false, ""distance_to_barrier_pct"": 59.85}]",0.6,0.3,0.15,0.03,1.08,"12M Discount Certificate fee schedule: 60 bps distribution, 30 bps structuring, 15 bps p.a. management fee, 3 bps exchange clearing."
RFQ-124,PRD-124,CH1261564124,"12M Multi Twin-Win Certificate on SIE, SU, AI",Twin-Win Certificate,Worst-of Basket,quoted,EUR,150000.0,St. Gallen Private Wealth,2026-09-25T09:44:00Z,2026-09-25T17:00:00Z,,,"[{""issuer"": ""Vontobel"", ""price_pct"": 99.54, ""coupon_pct_pa"": 5.59, ""timestamp"": ""2026-09-25T10:23:00Z"", ""valid_until"": ""2026-09-25T17:00:00Z""}]","{""issuer"": ""Vontobel"", ""price_pct"": 99.54, ""coupon_pct_pa"": 5.59, ""timestamp"": ""2026-09-25T10:23:00Z"", ""valid_until"": ""2026-09-25T17:00:00Z""}",SIE GY; SU FP; AI FP,"[{""name"": ""Siemens AG"", ""ticker"": ""SIE GY"", ""asset_class"": ""Equity"", ""currency"": ""EUR"", ""spot_price"": 178.0, ""strike_level_pct"": 100.0, ""barrier_level_pct"": 70.0, ""current_price"": 183.7, ""performance_pct"": 3.2, ""barrier_hit"": false, ""distance_to_barrier_pct"": 33.2}, {""name"": ""Schneider Electric SE"", ""ticker"": ""SU FP"", ""asset_class"": ""Equity"", ""currency"": ""EUR"", ""spot_price"": 240.0, ""strike_level_pct"": 100.0, ""barrier_level_pct"": 70.0, ""current_price"": 209.66, ""performance_pct"": -12.64, ""barrier_hit"": false, ""distance_to_barrier_pct"": 17.36}, {""name"": ""Air Liquide SA"", ""ticker"": ""AI FP"", ""asset_class"": ""Equity"", ""currency"": ""EUR"", ""spot_price"": 170.0, ""strike_level_pct"": 100.0, ""barrier_level_pct"": 70.0, ""current_price"": 133.43, ""performance_pct"": -21.51, ""barrier_hit"": false, ""distance_to_barrier_pct"": 8.49}]",0.25,0.3,0.1,0.03,0.68,"12M Twin-Win Certificate fee schedule: 25 bps distribution, 30 bps structuring, 10 bps p.a. management fee, 3 bps exchange clearing."
RFQ-125,PRD-125,CH1261564125,"3M Multi Discount Certificate on NFLX, TSLA",Discount Certificate,Worst-of Basket,expired,USD,250000.0,Vaud Family Office,2026-09-30T09:10:00Z,2026-09-30T17:00:00Z,,,"[{""issuer"": ""LUKB"", ""price_pct"": 100.12, ""coupon_pct_pa"": 9.04, ""timestamp"": ""2026-09-30T10:24:00Z"", ""valid_until"": ""2026-09-30T17:00:00Z""}, {""issuer"": ""Julius Baer"", ""price_pct"": 99.65, ""coupon_pct_pa"": 8.8, ""timestamp"": ""2026-09-30T10:41:00Z"", ""valid_until"": ""2026-09-30T17:00:00Z""}, {""issuer"": ""Barclays"", ""price_pct"": 99.7, ""coupon_pct_pa"": 8.34, ""timestamp"": ""2026-09-30T10:53:00Z"", ""valid_until"": ""2026-09-30T17:00:00Z""}]","{""issuer"": ""LUKB"", ""price_pct"": 100.12, ""coupon_pct_pa"": 9.04, ""timestamp"": ""2026-09-30T10:24:00Z"", ""valid_until"": ""2026-09-30T17:00:00Z""}",NFLX US; TSLA US,"[{""name"": ""Netflix Inc."", ""ticker"": ""NFLX US"", ""asset_class"": ""Equity"", ""currency"": ""USD"", ""spot_price"": 710.0, ""strike_level_pct"": 100.0, ""barrier_level_pct"": 75.0, ""current_price"": 834.75, ""performance_pct"": 17.57, ""barrier_hit"": false, ""distance_to_barrier_pct"": 42.57}, {""name"": ""Tesla Inc."", ""ticker"": ""TSLA US"", ""asset_class"": ""Equity"", ""currency"": ""USD"", ""spot_price"": 218.0, ""strike_level_pct"": 100.0, ""barrier_level_pct"": 75.0, ""current_price"": 165.42, ""performance_pct"": -24.12, ""barrier_hit"": false, ""distance_to_barrier_pct"": 0.88}]",0.5,0.2,0.1,0.02,0.82,"3M Discount Certificate fee schedule: 50 bps distribution, 20 bps structuring, 10 bps p.a. management fee, 2 bps exchange clearing."
RFQ-126,PRD-126,CH1261564126,"12M Multi Barrier Reverse Convertible on BP, AZN, ULVR, SHEL",Barrier Reverse Convertible,Worst-of Basket,quoted,GBP,150000.0,Zug Wealth Management,2026-09-27T09:27:00Z,2026-09-27T17:00:00Z,,,"[{""issuer"": ""LUKB"", ""price_pct"": 100.26, ""coupon_pct_pa"": 10.04, ""timestamp"": ""2026-09-27T10:24:00Z"", ""valid_until"": ""2026-09-27T17:00:00Z""}, {""issuer"": ""UBS"", ""price_pct"": 100.1, ""coupon_pct_pa"": 10.64, ""timestamp"": ""2026-09-27T10:51:00Z"", ""valid_until"": ""2026-09-27T17:00:00Z""}, {""issuer"": ""Goldman Sachs"", ""price_pct"": 99.43, ""coupon_pct_pa"": 10.03, ""timestamp"": ""2026-09-27T10:25:00Z"", ""valid_until"": ""2026-09-27T17:00:00Z""}, {""issuer"": ""ZKB"", ""price_pct"": 99.42, ""coupon_pct_pa"": 10.19, ""timestamp"": ""2026-09-27T10:19:00Z"", ""valid_until"": ""2026-09-27T17:00:00Z""}]","{""issuer"": ""UBS"", ""price_pct"": 100.1, ""coupon_pct_pa"": 10.64, ""timestamp"": ""2026-09-27T10:51:00Z"", ""valid_until"": ""2026-09-27T17:00:00Z""}",BP LN; AZN LN; ULVR LN; SHEL LN,"[{""name"": ""BP PLC"", ""ticker"": ""BP LN"", ""asset_class"": ""Equity"", ""currency"": ""GBP"", ""spot_price"": 4.2, ""strike_level_pct"": 100.0, ""barrier_level_pct"": 60.0, ""current_price"": 4.79, ""performance_pct"": 14.01, ""barrier_hit"": false, ""distance_to_barrier_pct"": 54.05}, {""name"": ""AstraZeneca PLC"", ""ticker"": ""AZN LN"", ""asset_class"": ""Equity"", ""currency"": ""GBP"", ""spot_price"": 120.0, ""strike_level_pct"": 100.0, ""barrier_level_pct"": 60.0, ""current_price"": 99.82, ""performance_pct"": -16.82, ""barrier_hit"": false, ""distance_to_barrier_pct"": 23.18}, {""name"": ""Unilever PLC"", ""ticker"": ""ULVR LN"", ""asset_class"": ""Equity"", ""currency"": ""GBP"", ""spot_price"": 48.0, ""strike_level_pct"": 100.0, ""barrier_level_pct"": 60.0, ""current_price"": 41.62, ""performance_pct"": -13.29, ""barrier_hit"": false, ""distance_to_barrier_pct"": 26.71}, {""name"": ""Shell PLC"", ""ticker"": ""SHEL LN"", ""asset_class"": ""Equity"", ""currency"": ""GBP"", ""spot_price"": 27.5, ""strike_level_pct"": 100.0, ""barrier_level_pct"": 60.0, ""current_price"": 24.68, ""performance_pct"": -10.27, ""barrier_hit"": false, ""distance_to_barrier_pct"": 29.75}]",0.3,0.2,0.1,0.05,0.65,"12M Barrier Reverse Convertible fee schedule: 30 bps distribution, 20 bps structuring, 10 bps p.a. management fee, 5 bps exchange clearing."
RFQ-127,PRD-127,CH1261564127,"12M Multi Capital Protection on ABBN, UBSG, SCHN",Capital Protection,Worst-of Basket,quoted,CHF,500000.0,Matterhorn Family Office,2026-09-27T09:35:00Z,2026-09-27T17:00:00Z,,,"[{""issuer"": ""UBS"", ""price_pct"": 99.49, ""coupon_pct_pa"": 10.15, ""timestamp"": ""2026-09-27T10:29:00Z"", ""valid_until"": ""2026-09-27T17:00:00Z""}, {""issuer"": ""Barclays"", ""price_pct"": 99.94, ""coupon_pct_pa"": 10.37, ""timestamp"": ""2026-09-27T10:17:00Z"", ""valid_until"": ""2026-09-27T17:00:00Z""}]","{""issuer"": ""Barclays"", ""price_pct"": 99.94, ""coupon_pct_pa"": 10.37, ""timestamp"": ""2026-09-27T10:17:00Z"", ""valid_until"": ""2026-09-27T17:00:00Z""}",ABBN SW; UBSG SW; SCHN SW,"[{""name"": ""ABB Ltd"", ""ticker"": ""ABBN SW"", ""asset_class"": ""Equity"", ""currency"": ""CHF"", ""spot_price"": 49.2, ""strike_level_pct"": 100.0, ""barrier_level_pct"": null, ""current_price"": 58.26, ""performance_pct"": 18.41, ""barrier_hit"": false, ""distance_to_barrier_pct"": null}, {""name"": ""UBS Group AG"", ""ticker"": ""UBSG SW"", ""asset_class"": ""Equity"", ""currency"": ""CHF"", ""spot_price"": 27.5, ""strike_level_pct"": 100.0, ""barrier_level_pct"": null, ""current_price"": 21.96, ""performance_pct"": -20.14, ""barrier_hit"": false, ""distance_to_barrier_pct"": null}, {""name"": ""Schindler Holding AG"", ""ticker"": ""SCHN SW"", ""asset_class"": ""Equity"", ""currency"": ""CHF"", ""spot_price"": 238.0, ""strike_level_pct"": 100.0, ""barrier_level_pct"": null, ""current_price"": 181.26, ""performance_pct"": -23.84, ""barrier_hit"": false, ""distance_to_barrier_pct"": null}]",0.6,0.15,0.05,0.05,0.85,"12M Capital Protection fee schedule: 60 bps distribution, 15 bps structuring, 5 bps p.a. management fee, 5 bps exchange clearing."
RFQ-128,PRD-128,CH1261564128,"3M Multi Outperformance Certificate on BRK.B, AAPL, NFLX, TSLA",Outperformance Certificate,Worst-of Basket,traded,USD,200000.0,Basel Institutional Funds,2026-09-23T09:49:00Z,2026-09-23T17:00:00Z,Societe Generale,99.56,"[{""issuer"": ""Goldman Sachs"", ""price_pct"": 99.48, ""coupon_pct_pa"": 11.64, ""timestamp"": ""2026-09-23T10:38:00Z"", ""valid_until"": ""2026-09-23T17:00:00Z""}, {""issuer"": ""Julius Baer"", ""price_pct"": 99.82, ""coupon_pct_pa"": 11.05, ""timestamp"": ""2026-09-23T10:49:00Z"", ""valid_until"": ""2026-09-23T17:00:00Z""}, {""issuer"": ""LUKB"", ""price_pct"": 99.7, ""coupon_pct_pa"": 11.48, ""timestamp"": ""2026-09-23T10:41:00Z"", ""valid_until"": ""2026-09-23T17:00:00Z""}, {""issuer"": ""Societe Generale"", ""price_pct"": 99.56, ""coupon_pct_pa"": 11.66, ""timestamp"": ""2026-09-23T10:23:00Z"", ""valid_until"": ""2026-09-23T17:00:00Z""}]","{""issuer"": ""Societe Generale"", ""price_pct"": 99.56, ""coupon_pct_pa"": 11.66, ""timestamp"": ""2026-09-23T10:23:00Z"", ""valid_until"": ""2026-09-23T17:00:00Z""}",BRK.B US; AAPL US; NFLX US; TSLA US,"[{""name"": ""Berkshire Hathaway Inc."", ""ticker"": ""BRK.B US"", ""asset_class"": ""Equity"", ""currency"": ""USD"", ""spot_price"": 455.0, ""strike_level_pct"": 100.0, ""barrier_level_pct"": 70.0, ""current_price"": 362.86, ""performance_pct"": -20.25, ""barrier_hit"": false, ""distance_to_barrier_pct"": 9.75}, {""name"": ""Apple Inc."", ""ticker"": ""AAPL US"", ""asset_class"": ""Equity"", ""currency"": ""USD"", ""spot_price"": 228.0, ""strike_level_pct"": 100.0, ""barrier_level_pct"": 70.0, ""current_price"": 269.59, ""performance_pct"": 18.24, ""barrier_hit"": false, ""distance_to_barrier_pct"": 48.24}, {""name"": ""Netflix Inc."", ""ticker"": ""NFLX US"", ""asset_class"": ""Equity"", ""currency"": ""USD"", ""spot_price"": 710.0, ""strike_level_pct"": 100.0, ""barrier_level_pct"": 70.0, ""current_price"": 735.56, ""performance_pct"": 3.6, ""barrier_hit"": false, ""distance_to_barrier_pct"": 33.6}, {""name"": ""Tesla Inc."", ""ticker"": ""TSLA US"", ""asset_class"": ""Equity"", ""currency"": ""USD"", ""spot_price"": 218.0, ""strike_level_pct"": 100.0, ""barrier_level_pct"": 70.0, ""current_price"": 244.79, ""performance_pct"": 12.29, ""barrier_hit"": false, ""distance_to_barrier_pct"": 42.29}]",0.4,0.25,0.05,0.03,0.73,"3M Outperformance Certificate fee schedule: 40 bps distribution, 25 bps structuring, 5 bps p.a. management fee, 3 bps exchange clearing."
RFQ-129,PRD-129,CH1261564129,18M Express Certificate on AI,Express Certificate,Single Underlying,traded,EUR,200000.0,Alpen Private Wealth,2026-09-22T09:40:00Z,2026-09-22T17:00:00Z,Goldman Sachs,99.68,"[{""issuer"": ""Goldman Sachs"", ""price_pct"": 99.68, ""coupon_pct_pa"": 6.46, ""timestamp"": ""2026-09-22T10:47:00Z"", ""valid_until"": ""2026-09-22T17:00:00Z""}, {""issuer"": ""ZKB"", ""price_pct"": 99.9, ""coupon_pct_pa"": 6.14, ""timestamp"": ""2026-09-22T10:32:00Z"", ""valid_until"": ""2026-09-22T17:00:00Z""}, {""issuer"": ""UBS"", ""price_pct"": 100.07, ""coupon_pct_pa"": 6.2, ""timestamp"": ""2026-09-22T10:31:00Z"", ""valid_until"": ""2026-09-22T17:00:00Z""}, {""issuer"": ""LUKB"", ""price_pct"": 99.81, ""coupon_pct_pa"": 6.12, ""timestamp"": ""2026-09-22T10:29:00Z"", ""valid_until"": ""2026-09-22T17:00:00Z""}]","{""issuer"": ""Goldman Sachs"", ""price_pct"": 99.68, ""coupon_pct_pa"": 6.46, ""timestamp"": ""2026-09-22T10:47:00Z"", ""valid_until"": ""2026-09-22T17:00:00Z""}",AI FP,"[{""name"": ""Air Liquide SA"", ""ticker"": ""AI FP"", ""asset_class"": ""Equity"", ""currency"": ""EUR"", ""spot_price"": 170.0, ""strike_level_pct"": 100.0, ""barrier_level_pct"": 60.0, ""current_price"": 134.04, ""performance_pct"": -21.15, ""barrier_hit"": false, ""distance_to_barrier_pct"": 18.85}]",0.4,0.2,0.0,0.05,0.65,"18M Express Certificate fee schedule: 40 bps distribution, 20 bps structuring, 5 bps exchange clearing."
RFQ-130,PRD-130,CH1261564130,"24M Multi Autocallable BRC on ABBN, SIKA, LOGN, SLHN",Autocallable BRC,Worst-of Basket,open,CHF,100000.0,EAM Zurich Partners,2026-09-22T09:33:00Z,2026-09-22T17:00:00Z,,,"[{""issuer"": ""ZKB"", ""price_pct"": 100.0, ""coupon_pct_pa"": 5.76, ""timestamp"": ""2026-09-22T10:15:00Z"", ""valid_until"": ""2026-09-22T17:00:00Z""}]","{""issuer"": ""ZKB"", ""price_pct"": 100.0, ""coupon_pct_pa"": 5.76, ""timestamp"": ""2026-09-22T10:15:00Z"", ""valid_until"": ""2026-09-22T17:00:00Z""}",ABBN SW; SIKA SW; LOGN SW; SLHN SW,"[{""name"": ""ABB Ltd"", ""ticker"": ""ABBN SW"", ""asset_class"": ""Equity"", ""currency"": ""CHF"", ""spot_price"": 49.2, ""strike_level_pct"": 100.0, ""barrier_level_pct"": 65.0, ""current_price"": 52.94, ""performance_pct"": 7.61, ""barrier_hit"": false, ""distance_to_barrier_pct"": 42.6}, {""name"": ""Sika AG"", ""ticker"": ""SIKA SW"", ""asset_class"": ""Equity"", ""currency"": ""CHF"", ""spot_price"": 262.0, ""strike_level_pct"": 100.0, ""barrier_level_pct"": 65.0, ""current_price"": 311.65, ""performance_pct"": 18.95, ""barrier_hit"": false, ""distance_to_barrier_pct"": 53.95}, {""name"": ""Logitech International SA"", ""ticker"": ""LOGN SW"", ""asset_class"": ""Equity"", ""currency"": ""CHF"", ""spot_price"": 78.5, ""strike_level_pct"": 100.0, ""barrier_level_pct"": 65.0, ""current_price"": 77.41, ""performance_pct"": -1.39, ""barrier_hit"": false, ""distance_to_barrier_pct"": 33.61}, {""name"": ""Swiss Life Holding AG"", ""ticker"": ""SLHN SW"", ""asset_class"": ""Equity"", ""currency"": ""CHF"", ""spot_price"": 695.0, ""strike_level_pct"": 100.0, ""barrier_level_pct"": 65.0, ""current_price"": 609.72, ""performance_pct"": -12.27, ""barrier_hit"": false, ""distance_to_barrier_pct"": 22.73}]",0.25,0.15,0.15,0.03,0.58,"24M Autocallable BRC fee schedule: 25 bps distribution, 15 bps structuring, 15 bps p.a. management fee, 3 bps exchange clearing."
RFQ-131,PRD-131,CH1261564131,"24M Multi Reverse Convertible on AMZN, NFLX, AAPL",Reverse Convertible,Worst-of Basket,rejected,USD,150000.0,Rhein Capital Partners,2026-09-30T09:17:00Z,2026-09-30T17:00:00Z,,,[],,AMZN US; NFLX US; AAPL US,"[{""name"": ""Amazon.com Inc."", ""ticker"": ""AMZN US"", ""asset_class"": ""Equity"", ""currency"": ""USD"", ""spot_price"": 188.0, ""strike_level_pct"": 100.0, ""barrier_level_pct"": 75.0, ""current_price"": 165.06, ""performance_pct"": -12.2, ""barrier_hit"": false, ""distance_to_barrier_pct"": 12.8}, {""name"": ""Netflix Inc."", ""ticker"": ""NFLX US"", ""asset_class"": ""Equity"", ""currency"": ""USD"", ""spot_price"": 710.0, ""strike_level_pct"": 100.0, ""barrier_level_pct"": 75.0, ""current_price"": 685.43, ""performance_pct"": -3.46, ""barrier_hit"": false, ""distance_to_barrier_pct"": 21.54}, {""name"": ""Apple Inc."", ""ticker"": ""AAPL US"", ""asset_class"": ""Equity"", ""currency"": ""USD"", ""spot_price"": 228.0, ""strike_level_pct"": 100.0, ""barrier_level_pct"": 75.0, ""current_price"": 205.95, ""performance_pct"": -9.67, ""barrier_hit"": false, ""distance_to_barrier_pct"": 15.33}]",0.25,0.3,0.1,0.02,0.67,"24M Reverse Convertible fee schedule: 25 bps distribution, 30 bps structuring, 10 bps p.a. management fee, 2 bps exchange clearing."
RFQ-132,PRD-132,CH1261564132,"6M Multi Barrier Reverse Convertible on JPM, MSFT",Barrier Reverse Convertible,Worst-of Basket,quoted,USD,1000000.0,Helvetia Capital Partners,2026-09-22T09:43:00Z,2026-09-22T17:00:00Z,,,"[{""issuer"": ""Goldman Sachs"", ""price_pct"": 99.95, ""coupon_pct_pa"": 7.06, ""timestamp"": ""2026-09-22T10:16:00Z"", ""valid_until"": ""2026-09-22T17:00:00Z""}, {""issuer"": ""Raiffeisen Switzerland"", ""price_pct"": 99.59, ""coupon_pct_pa"": 7.39, ""timestamp"": ""2026-09-22T10:23:00Z"", ""valid_until"": ""2026-09-22T17:00:00Z""}, {""issuer"": ""LUKB"", ""price_pct"": 99.47, ""coupon_pct_pa"": 6.7, ""timestamp"": ""2026-09-22T10:25:00Z"", ""valid_until"": ""2026-09-22T17:00:00Z""}, {""issuer"": ""Julius Baer"", ""price_pct"": 99.47, ""coupon_pct_pa"": 6.61, ""timestamp"": ""2026-09-22T10:10:00Z"", ""valid_until"": ""2026-09-22T17:00:00Z""}]","{""issuer"": ""Raiffeisen Switzerland"", ""price_pct"": 99.59, ""coupon_pct_pa"": 7.39, ""timestamp"": ""2026-09-22T10:23:00Z"", ""valid_until"": ""2026-09-22T17:00:00Z""}",JPM US; MSFT US,"[{""name"": ""JPMorgan Chase & Co."", ""ticker"": ""JPM US"", ""asset_class"": ""Equity"", ""currency"": ""USD"", ""spot_price"": 215.0, ""strike_level_pct"": 100.0, ""barrier_level_pct"": 60.0, ""current_price"": 172.71, ""performance_pct"": -19.67, ""barrier_hit"": false, ""distance_to_barrier_pct"": 20.33}, {""name"": ""Microsoft Corporation"", ""ticker"": ""MSFT US"", ""asset_class"": ""Equity"", ""currency"": ""USD"", ""spot_price"": 428.0, ""strike_level_pct"": 100.0, ""barrier_level_pct"": 60.0, ""current_price"": 468.23, ""performance_pct"": 9.4, ""barrier_hit"": false, ""distance_to_barrier_pct"": 49.4}]",0.5,0.3,0.15,0.03,0.98,"6M Barrier Reverse Convertible fee schedule: 50 bps distribution, 30 bps structuring, 15 bps p.a. management fee, 3 bps exchange clearing."
RFQ-133,PRD-133,CH1261564133,"9M Multi Capital Protection on ROG, GEBN, LONN",Capital Protection,Worst-of Basket,expired,CHF,200000.0,Geneva Global Alpha,2026-09-22T09:19:00Z,2026-09-22T17:00:00Z,,,"[{""issuer"": ""Vontobel"", ""price_pct"": 100.07, ""coupon_pct_pa"": 5.64, ""timestamp"": ""2026-09-22T10:46:00Z"", ""valid_until"": ""2026-09-22T17:00:00Z""}, {""issuer"": ""UBS"", ""price_pct"": 99.8, ""coupon_pct_pa"": 6.25, ""timestamp"": ""2026-09-22T10:39:00Z"", ""valid_until"": ""2026-09-22T17:00:00Z""}, {""issuer"": ""ZKB"", ""price_pct"": 100.03, ""coupon_pct_pa"": 6.02, ""timestamp"": ""2026-09-22T10:27:00Z"", ""valid_until"": ""2026-09-22T17:00:00Z""}]","{""issuer"": ""UBS"", ""price_pct"": 99.8, ""coupon_pct_pa"": 6.25, ""timestamp"": ""2026-09-22T10:39:00Z"", ""valid_until"": ""2026-09-22T17:00:00Z""}",ROG SW; GEBN SW; LONN SW,"[{""name"": ""Roche Holding AG"", ""ticker"": ""ROG SW"", ""asset_class"": ""Equity"", ""currency"": ""CHF"", ""spot_price"": 248.0, ""strike_level_pct"": 100.0, ""barrier_level_pct"": null, ""current_price"": 273.92, ""performance_pct"": 10.45, ""barrier_hit"": false, ""distance_to_barrier_pct"": null}, {""name"": ""Geberit AG"", ""ticker"": ""GEBN SW"", ""asset_class"": ""Equity"", ""currency"": ""CHF"", ""spot_price"": 535.0, ""strike_level_pct"": 100.0, ""barrier_level_pct"": null, ""current_price"": 551.75, ""performance_pct"": 3.13, ""barrier_hit"": false, ""distance_to_barrier_pct"": null}, {""name"": ""Lonza Group AG"", ""ticker"": ""LONN SW"", ""asset_class"": ""Equity"", ""currency"": ""CHF"", ""spot_price"": 520.0, ""strike_level_pct"": 100.0, ""barrier_level_pct"": null, ""current_price"": 544.7, ""performance_pct"": 4.75, ""barrier_hit"": false, ""distance_to_barrier_pct"": null}]",0.6,0.3,0.1,0.02,1.02,"9M Capital Protection fee schedule: 60 bps distribution, 30 bps structuring, 10 bps p.a. management fee, 2 bps exchange clearing."
RFQ-134,PRD-134,CH1261564134,"24M Multi Discount Certificate on AMD, AAPL, MSFT",Discount Certificate,Worst-of Basket,rejected,USD,1000000.0,Lombard Alpine Advisors,2026-09-23T09:46:00Z,2026-09-23T17:00:00Z,,,[],,AMD US; AAPL US; MSFT US,"[{""name"": ""Advanced Micro Devices Inc."", ""ticker"": ""AMD US"", ""asset_class"": ""Equity"", ""currency"": ""USD"", ""spot_price"": 155.0, ""strike_level_pct"": 100.0, ""barrier_level_pct"": 60.0, ""current_price"": 183.35, ""performance_pct"": 18.29, ""barrier_hit"": false, ""distance_to_barrier_pct"": 58.29}, {""name"": ""Apple Inc."", ""ticker"": ""AAPL US"", ""asset_class"": ""Equity"", ""currency"": ""USD"", ""spot_price"": 228.0, ""strike_level_pct"": 100.0, ""barrier_level_pct"": 60.0, ""current_price"": 256.77, ""performance_pct"": 12.62, ""barrier_hit"": false, ""distance_to_barrier_pct"": 52.62}, {""name"": ""Microsoft Corporation"", ""ticker"": ""MSFT US"", ""asset_class"": ""Equity"", ""currency"": ""USD"", ""spot_price"": 428.0, ""strike_level_pct"": 100.0, ""barrier_level_pct"": 60.0, ""current_price"": 431.77, ""performance_pct"": 0.88, ""barrier_hit"": false, ""distance_to_barrier_pct"": 40.88}]",0.25,0.2,0.1,0.05,0.6,"24M Discount Certificate fee schedule: 25 bps distribution, 20 bps structuring, 10 bps p.a. management fee, 5 bps exchange clearing."
RFQ-135,PRD-135,CH1261564135,"6M Multi Express Certificate on NFLX, BRK.B, QCOM, AVGO",Express Certificate,Worst-of Basket,open,USD,200000.0,Bernese Asset Management,2026-09-30T09:28:00Z,2026-09-30T17:00:00Z,,,[],,NFLX US; BRK.B US; QCOM US; AVGO US,"[{""name"": ""Netflix Inc."", ""ticker"": ""NFLX US"", ""asset_class"": ""Equity"", ""currency"": ""USD"", ""spot_price"": 710.0, ""strike_level_pct"": 100.0, ""barrier_level_pct"": 55.0, ""current_price"": 682.66, ""performance_pct"": -3.85, ""barrier_hit"": false, ""distance_to_barrier_pct"": 41.15}, {""name"": ""Berkshire Hathaway Inc."", ""ticker"": ""BRK.B US"", ""asset_class"": ""Equity"", ""currency"": ""USD"", ""spot_price"": 455.0, ""strike_level_pct"": 100.0, ""barrier_level_pct"": 55.0, ""current_price"": 424.88, ""performance_pct"": -6.62, ""barrier_hit"": false, ""distance_to_barrier_pct"": 38.38}, {""name"": ""Qualcomm Inc."", ""ticker"": ""QCOM US"", ""asset_class"": ""Equity"", ""currency"": ""USD"", ""spot_price"": 168.0, ""strike_level_pct"": 100.0, ""barrier_level_pct"": 55.0, ""current_price"": 150.28, ""performance_pct"": -10.55, ""barrier_hit"": false, ""distance_to_barrier_pct"": 34.45}, {""name"": ""Broadcom Inc."", ""ticker"": ""AVGO US"", ""asset_class"": ""Equity"", ""currency"": ""USD"", ""spot_price"": 172.0, ""strike_level_pct"": 100.0, ""barrier_level_pct"": 55.0, ""current_price"": 137.1, ""performance_pct"": -20.29, ""barrier_hit"": false, ""distance_to_barrier_pct"": 24.71}]",0.5,0.15,0.1,0.02,0.77,"6M Express Certificate fee schedule: 50 bps distribution, 15 bps structuring, 10 bps p.a. management fee, 2 bps exchange clearing."
RFQ-136,PRD-136,CH1261564136,"3M Multi Outperformance Certificate on SREN, NESN, STMN",Outperformance Certificate,Worst-of Basket,traded,CHF,500000.0,Lucerne Asset Management,2026-09-16T09:23:00Z,2026-09-16T17:00:00Z,Morgan Stanley,99.51,"[{""issuer"": ""Morgan Stanley"", ""price_pct"": 99.51, ""coupon_pct_pa"": 8.2, ""timestamp"": ""2026-09-16T10:50:00Z"", ""valid_until"": ""2026-09-16T17:00:00Z""}, {""issuer"": ""Vontobel"", ""price_pct"": 99.62, ""coupon_pct_pa"": 8.11, ""timestamp"": ""2026-09-16T10:20:00Z"", ""valid_until"": ""2026-09-16T17:00:00Z""}, {""issuer"": ""LUKB"", ""price_pct"": 99.41, ""coupon_pct_pa"": 7.81, ""timestamp"": ""2026-09-16T10:36:00Z"", ""valid_until"": ""2026-09-16T17:00:00Z""}]","{""issuer"": ""Morgan Stanley"", ""price_pct"": 99.51, ""coupon_pct_pa"": 8.2, ""timestamp"": ""2026-09-16T10:50:00Z"", ""valid_until"": ""2026-09-16T17:00:00Z""}",SREN SW; NESN SW; STMN SW,"[{""name"": ""Swiss Re AG"", ""ticker"": ""SREN SW"", ""asset_class"": ""Equity"", ""currency"": ""CHF"", ""spot_price"": 116.0, ""strike_level_pct"": 100.0, ""barrier_level_pct"": 70.0, ""current_price"": 108.58, ""performance_pct"": -6.4, ""barrier_hit"": false, ""distance_to_barrier_pct"": 23.6}, {""name"": ""Nestl\u00e9 SA"", ""ticker"": ""NESN SW"", ""asset_class"": ""Equity"", ""currency"": ""CHF"", ""spot_price"": 92.5, ""strike_level_pct"": 100.0, ""barrier_level_pct"": 70.0, ""current_price"": 77.18, ""performance_pct"": -16.56, ""barrier_hit"": false, ""distance_to_barrier_pct"": 13.44}, {""name"": ""Straumann Holding AG"", ""ticker"": ""STMN SW"", ""asset_class"": ""Equity"", ""currency"": ""CHF"", ""spot_price"": 122.0, ""strike_level_pct"": 100.0, ""barrier_level_pct"": 70.0, ""current_price"": 111.36, ""performance_pct"": -8.72, ""barrier_hit"": false, ""distance_to_barrier_pct"": 21.28}]",0.25,0.2,0.0,0.03,0.48,"3M Outperformance Certificate fee schedule: 25 bps distribution, 20 bps structuring, 3 bps exchange clearing."
RFQ-137,PRD-137,CH1261564137,"12M Multi Reverse Convertible on AI, SU, SAN",Reverse Convertible,Worst-of Basket,quoted,EUR,250000.0,Alpen Private Wealth,2026-09-19T09:14:00Z,2026-09-19T17:00:00Z,,,"[{""issuer"": ""Julius Baer"", ""price_pct"": 100.05, ""coupon_pct_pa"": 6.14, ""timestamp"": ""2026-09-19T10:47:00Z"", ""valid_until"": ""2026-09-19T17:00:00Z""}, {""issuer"": ""Societe Generale"", ""price_pct"": 99.99, ""coupon_pct_pa"": 6.72, ""timestamp"": ""2026-09-19T10:19:00Z"", ""valid_until"": ""2026-09-19T17:00:00Z""}, {""issuer"": ""Morgan Stanley"", ""price_pct"": 99.84, ""coupon_pct_pa"": 6.59, ""timestamp"": ""2026-09-19T10:31:00Z"", ""valid_until"": ""2026-09-19T17:00:00Z""}]","{""issuer"": ""Societe Generale"", ""price_pct"": 99.99, ""coupon_pct_pa"": 6.72, ""timestamp"": ""2026-09-19T10:19:00Z"", ""valid_until"": ""2026-09-19T17:00:00Z""}",AI FP; SU FP; SAN FP,"[{""name"": ""Air Liquide SA"", ""ticker"": ""AI FP"", ""asset_class"": ""Equity"", ""currency"": ""EUR"", ""spot_price"": 170.0, ""strike_level_pct"": 100.0, ""barrier_level_pct"": 70.0, ""current_price"": 202.49, ""performance_pct"": 19.11, ""barrier_hit"": false, ""distance_to_barrier_pct"": 49.11}, {""name"": ""Schneider Electric SE"", ""ticker"": ""SU FP"", ""asset_class"": ""Equity"", ""currency"": ""EUR"", ""spot_price"": 240.0, ""strike_level_pct"": 100.0, ""barrier_level_pct"": 70.0, ""current_price"": 206.33, ""performance_pct"": -14.03, ""barrier_hit"": false, ""distance_to_barrier_pct"": 15.97}, {""name"": ""Sanofi SA"", ""ticker"": ""SAN FP"", ""asset_class"": ""Equity"", ""currency"": ""EUR"", ""spot_price"": 98.0, ""strike_level_pct"": 100.0, ""barrier_level_pct"": 70.0, ""current_price"": 97.81, ""performance_pct"": -0.19, ""barrier_hit"": false, ""distance_to_barrier_pct"": 29.81}]",0.6,0.3,0.1,0.03,1.03,"12M Reverse Convertible fee schedule: 60 bps distribution, 30 bps structuring, 10 bps p.a. management fee, 3 bps exchange clearing."
RFQ-138,PRD-138,CH1261564138,18M Capital Protection Certificate on DAX GY,Capital Protection,Single Index Underlying,traded,EUR,500000.0,Matterhorn Family Office,2026-09-27T09:34:00Z,2026-09-27T17:00:00Z,Goldman Sachs,99.7,"[{""issuer"": ""Goldman Sachs"", ""price_pct"": 99.7, ""coupon_pct_pa"": 5.98, ""timestamp"": ""2026-09-27T10:16:00Z"", ""valid_until"": ""2026-09-27T17:00:00Z""}, {""issuer"": ""ZKB"", ""price_pct"": 99.8, ""coupon_pct_pa"": 5.88, ""timestamp"": ""2026-09-27T10:43:00Z"", ""valid_until"": ""2026-09-27T17:00:00Z""}]","{""issuer"": ""Goldman Sachs"", ""price_pct"": 99.7, ""coupon_pct_pa"": 5.98, ""timestamp"": ""2026-09-27T10:16:00Z"", ""valid_until"": ""2026-09-27T17:00:00Z""}",DAX GY,"[{""name"": ""DAX 40 Index"", ""ticker"": ""DAX GY"", ""asset_class"": ""Equity Index"", ""currency"": ""EUR"", ""spot_price"": 19200.0, ""strike_level_pct"": 100.0, ""barrier_level_pct"": null, ""current_price"": 17856.0, ""performance_pct"": -7.0, ""barrier_hit"": false, ""distance_to_barrier_pct"": null}]",0.5,0.15,0.0,0.03,0.68,"18M Capital Protection fee schedule: 50 bps distribution, 15 bps structuring, 3 bps exchange clearing."
RFQ-139,PRD-139,CH1261564139,"3M Multi Reverse Convertible on SU, TTE, SAN",Reverse Convertible,Worst-of Basket,quoted,EUR,150000.0,Lombard Alpine Advisors,2026-09-30T09:44:00Z,2026-09-30T17:00:00Z,,,"[{""issuer"": ""Barclays"", ""price_pct"": 100.23, ""coupon_pct_pa"": 5.18, ""timestamp"": ""2026-09-30T10:24:00Z"", ""valid_until"": ""2026-09-30T17:00:00Z""}]","{""issuer"": ""Barclays"", ""price_pct"": 100.23, ""coupon_pct_pa"": 5.18, ""timestamp"": ""2026-09-30T10:24:00Z"", ""valid_until"": ""2026-09-30T17:00:00Z""}",SU FP; TTE FP; SAN FP,"[{""name"": ""Schneider Electric SE"", ""ticker"": ""SU FP"", ""asset_class"": ""Equity"", ""currency"": ""EUR"", ""spot_price"": 240.0, ""strike_level_pct"": 100.0, ""barrier_level_pct"": 55.0, ""current_price"": 271.99, ""performance_pct"": 13.33, ""barrier_hit"": false, ""distance_to_barrier_pct"": 58.33}, {""name"": ""TotalEnergies SE"", ""ticker"": ""TTE FP"", ""asset_class"": ""Equity"", ""currency"": ""EUR"", ""spot_price"": 61.5, ""strike_level_pct"": 100.0, ""barrier_level_pct"": 55.0, ""current_price"": 69.72, ""performance_pct"": 13.36, ""barrier_hit"": false, ""distance_to_barrier_pct"": 58.37}, {""name"": ""Sanofi SA"", ""ticker"": ""SAN FP"", ""asset_class"": ""Equity"", ""currency"": ""EUR"", ""spot_price"": 98.0, ""strike_level_pct"": 100.0, ""barrier_level_pct"": 55.0, ""current_price"": 111.4, ""performance_pct"": 13.67, ""barrier_hit"": false, ""distance_to_barrier_pct"": 58.67}]",0.75,0.15,0.1,0.02,1.02,"3M Reverse Convertible fee schedule: 75 bps distribution, 15 bps structuring, 10 bps p.a. management fee, 2 bps exchange clearing."
RFQ-140,PRD-140,CH1261564140,"12M Multi Autocallable BRC on SU, ASML",Autocallable BRC,Worst-of Basket,quoted,EUR,200000.0,Basel Institutional Funds,2026-09-22T09:43:00Z,2026-09-22T17:00:00Z,,,"[{""issuer"": ""Barclays"", ""price_pct"": 99.96, ""coupon_pct_pa"": 5.5, ""timestamp"": ""2026-09-22T10:25:00Z"", ""valid_until"": ""2026-09-22T17:00:00Z""}, {""issuer"": ""Vontobel"", ""price_pct"": 99.92, ""coupon_pct_pa"": 5.13, ""timestamp"": ""2026-09-22T10:24:00Z"", ""valid_until"": ""2026-09-22T17:00:00Z""}, {""issuer"": ""Raiffeisen Switzerland"", ""price_pct"": 99.63, ""coupon_pct_pa"": 5.09, ""timestamp"": ""2026-09-22T10:26:00Z"", ""valid_until"": ""2026-09-22T17:00:00Z""}, {""issuer"": ""Morgan Stanley"", ""price_pct"": 100.21, ""coupon_pct_pa"": 5.3, ""timestamp"": ""2026-09-22T10:39:00Z"", ""valid_until"": ""2026-09-22T17:00:00Z""}]","{""issuer"": ""Barclays"", ""price_pct"": 99.96, ""coupon_pct_pa"": 5.5, ""timestamp"": ""2026-09-22T10:25:00Z"", ""valid_until"": ""2026-09-22T17:00:00Z""}",SU FP; ASML NA,"[{""name"": ""Schneider Electric SE"", ""ticker"": ""SU FP"", ""asset_class"": ""Equity"", ""currency"": ""EUR"", ""spot_price"": 240.0, ""strike_level_pct"": 100.0, ""barrier_level_pct"": 55.0, ""current_price"": 215.04, ""performance_pct"": -10.4, ""barrier_hit"": false, ""distance_to_barrier_pct"": 34.6}, {""name"": ""ASML Holding NV"", ""ticker"": ""ASML NA"", ""asset_class"": ""Equity"", ""currency"": ""EUR"", ""spot_price"": 780.0, ""strike_level_pct"": 100.0, ""barrier_level_pct"": 55.0, ""current_price"": 604.73, ""performance_pct"": -22.47, ""barrier_hit"": false, ""distance_to_barrier_pct"": 22.53}]",0.4,0.2,0.0,0.03,0.63,"12M Autocallable BRC fee schedule: 40 bps distribution, 20 bps structuring, 3 bps exchange clearing."
RFQ-141,PRD-141,CH1261564141,"24M Multi Express Certificate on SU, ALV, MUV2",Express Certificate,Worst-of Basket,quoted,EUR,150000.0,Helvetia Capital Partners,2026-09-24T09:28:00Z,2026-09-24T17:00:00Z,,,"[{""issuer"": ""Raiffeisen Switzerland"", ""price_pct"": 100.18, ""coupon_pct_pa"": 7.18, ""timestamp"": ""2026-09-24T10:13:00Z"", ""valid_until"": ""2026-09-24T17:00:00Z""}]","{""issuer"": ""Raiffeisen Switzerland"", ""price_pct"": 100.18, ""coupon_pct_pa"": 7.18, ""timestamp"": ""2026-09-24T10:13:00Z"", ""valid_until"": ""2026-09-24T17:00:00Z""}",SU FP; ALV GY; MUV2 GY,"[{""name"": ""Schneider Electric SE"", ""ticker"": ""SU FP"", ""asset_class"": ""Equity"", ""currency"": ""EUR"", ""spot_price"": 240.0, ""strike_level_pct"": 100.0, ""barrier_level_pct"": 60.0, ""current_price"": 287.93, ""performance_pct"": 19.97, ""barrier_hit"": false, ""distance_to_barrier_pct"": 59.97}, {""name"": ""Allianz SE"", ""ticker"": ""ALV GY"", ""asset_class"": ""Equity"", ""currency"": ""EUR"", ""spot_price"": 285.0, ""strike_level_pct"": 100.0, ""barrier_level_pct"": 60.0, ""current_price"": 323.19, ""performance_pct"": 13.4, ""barrier_hit"": false, ""distance_to_barrier_pct"": 53.4}, {""name"": ""Munich Re"", ""ticker"": ""MUV2 GY"", ""asset_class"": ""Equity"", ""currency"": ""EUR"", ""spot_price"": 480.0, ""strike_level_pct"": 100.0, ""barrier_level_pct"": 60.0, ""current_price"": 383.04, ""performance_pct"": -20.2, ""barrier_hit"": false, ""distance_to_barrier_pct"": 19.8}]",0.6,0.3,0.05,0.02,0.97,"24M Express Certificate fee schedule: 60 bps distribution, 30 bps structuring, 5 bps p.a. management fee, 2 bps exchange clearing."
RFQ-142,PRD-142,CH1261564142,"6M Multi Outperformance Certificate on AMD, BRK.B",Outperformance Certificate,Worst-of Basket,quoted,USD,150000.0,Zug Wealth Management,2026-09-29T09:12:00Z,2026-09-29T17:00:00Z,,,"[{""issuer"": ""Vontobel"", ""price_pct"": 99.58, ""coupon_pct_pa"": 7.03, ""timestamp"": ""2026-09-29T10:44:00Z"", ""valid_until"": ""2026-09-29T17:00:00Z""}, {""issuer"": ""UBS"", ""price_pct"": 99.73, ""coupon_pct_pa"": 7.49, ""timestamp"": ""2026-09-29T10:42:00Z"", ""valid_until"": ""2026-09-29T17:00:00Z""}, {""issuer"": ""LUKB"", ""price_pct"": 100.15, ""coupon_pct_pa"": 7.52, ""timestamp"": ""2026-09-29T10:26:00Z"", ""valid_until"": ""2026-09-29T17:00:00Z""}]","{""issuer"": ""LUKB"", ""price_pct"": 100.15, ""coupon_pct_pa"": 7.52, ""timestamp"": ""2026-09-29T10:26:00Z"", ""valid_until"": ""2026-09-29T17:00:00Z""}",AMD US; BRK.B US,"[{""name"": ""Advanced Micro Devices Inc."", ""ticker"": ""AMD US"", ""asset_class"": ""Equity"", ""currency"": ""USD"", ""spot_price"": 155.0, ""strike_level_pct"": 100.0, ""barrier_level_pct"": 60.0, ""current_price"": 160.07, ""performance_pct"": 3.27, ""barrier_hit"": false, ""distance_to_barrier_pct"": 43.27}, {""name"": ""Berkshire Hathaway Inc."", ""ticker"": ""BRK.B US"", ""asset_class"": ""Equity"", ""currency"": ""USD"", ""spot_price"": 455.0, ""strike_level_pct"": 100.0, ""barrier_level_pct"": 60.0, ""current_price"": 526.21, ""performance_pct"": 15.65, ""barrier_hit"": false, ""distance_to_barrier_pct"": 55.65}]",0.5,0.25,0.05,0.02,0.82,"6M Outperformance Certificate fee schedule: 50 bps distribution, 25 bps structuring, 5 bps p.a. management fee, 2 bps exchange clearing."
RFQ-143,PRD-143,CH1261564143,"6M Multi Autocallable BRC on V, NFLX",Autocallable BRC,Worst-of Basket,open,USD,250000.0,Geneva Global Alpha,2026-09-29T09:33:00Z,2026-09-29T17:00:00Z,,,[],,V US; NFLX US,"[{""name"": ""Visa Inc."", ""ticker"": ""V US"", ""asset_class"": ""Equity"", ""currency"": ""USD"", ""spot_price"": 282.0, ""strike_level_pct"": 100.0, ""barrier_level_pct"": 75.0, ""current_price"": 257.92, ""performance_pct"": -8.54, ""barrier_hit"": false, ""distance_to_barrier_pct"": 16.46}, {""name"": ""Netflix Inc."", ""ticker"": ""NFLX US"", ""asset_class"": ""Equity"", ""currency"": ""USD"", ""spot_price"": 710.0, ""strike_level_pct"": 100.0, ""barrier_level_pct"": 75.0, ""current_price"": 785.12, ""performance_pct"": 10.58, ""barrier_hit"": false, ""distance_to_barrier_pct"": 35.58}]",0.75,0.25,0.15,0.03,1.18,"6M Autocallable BRC fee schedule: 75 bps distribution, 25 bps structuring, 15 bps p.a. management fee, 3 bps exchange clearing."
RFQ-144,PRD-144,CH1261564144,"3M Multi Outperformance Certificate on ALV, ASML",Outperformance Certificate,Worst-of Basket,expired,EUR,100000.0,Lombard Alpine Advisors,2026-09-17T09:50:00Z,2026-09-17T17:00:00Z,,,"[{""issuer"": ""LUKB"", ""price_pct"": 100.3, ""coupon_pct_pa"": 4.4, ""timestamp"": ""2026-09-17T10:17:00Z"", ""valid_until"": ""2026-09-17T17:00:00Z""}, {""issuer"": ""Julius Baer"", ""price_pct"": 100.2, ""coupon_pct_pa"": 4.46, ""timestamp"": ""2026-09-17T10:18:00Z"", ""valid_until"": ""2026-09-17T17:00:00Z""}, {""issuer"": ""UBS"", ""price_pct"": 99.73, ""coupon_pct_pa"": 4.75, ""timestamp"": ""2026-09-17T10:54:00Z"", ""valid_until"": ""2026-09-17T17:00:00Z""}, {""issuer"": ""Vontobel"", ""price_pct"": 99.78, ""coupon_pct_pa"": 5.31, ""timestamp"": ""2026-09-17T10:19:00Z"", ""valid_until"": ""2026-09-17T17:00:00Z""}]","{""issuer"": ""Vontobel"", ""price_pct"": 99.78, ""coupon_pct_pa"": 5.31, ""timestamp"": ""2026-09-17T10:19:00Z"", ""valid_until"": ""2026-09-17T17:00:00Z""}",ALV GY; ASML NA,"[{""name"": ""Allianz SE"", ""ticker"": ""ALV GY"", ""asset_class"": ""Equity"", ""currency"": ""EUR"", ""spot_price"": 285.0, ""strike_level_pct"": 100.0, ""barrier_level_pct"": 75.0, ""current_price"": 327.15, ""performance_pct"": 14.79, ""barrier_hit"": false, ""distance_to_barrier_pct"": 39.79}, {""name"": ""ASML Holding NV"", ""ticker"": ""ASML NA"", ""asset_class"": ""Equity"", ""currency"": ""EUR"", ""spot_price"": 780.0, ""strike_level_pct"": 100.0, ""barrier_level_pct"": 75.0, ""current_price"": 782.03, ""performance_pct"": 0.26, ""barrier_hit"": false, ""distance_to_barrier_pct"": 25.26}]",0.5,0.15,0.1,0.05,0.8,"3M Outperformance Certificate fee schedule: 50 bps distribution, 15 bps structuring, 10 bps p.a. management fee, 5 bps exchange clearing."
RFQ-145,PRD-145,CH1261564145,"3M Multi Express Certificate on TSLA, AVGO, CRM",Express Certificate,Worst-of Basket,quoted,USD,500000.0,St. Gallen Private Wealth,2026-09-16T09:35:00Z,2026-09-16T17:00:00Z,,,"[{""issuer"": ""BNP Paribas"", ""price_pct"": 99.98, ""coupon_pct_pa"": 4.94, ""timestamp"": ""2026-09-16T10:11:00Z"", ""valid_until"": ""2026-09-16T17:00:00Z""}, {""issuer"": ""UBS"", ""price_pct"": 99.7, ""coupon_pct_pa"": 4.78, ""timestamp"": ""2026-09-16T10:18:00Z"", ""valid_until"": ""2026-09-16T17:00:00Z""}, {""issuer"": ""Goldman Sachs"", ""price_pct"": 99.58, ""coupon_pct_pa"": 5.52, ""timestamp"": ""2026-09-16T10:45:00Z"", ""valid_until"": ""2026-09-16T17:00:00Z""}]","{""issuer"": ""Goldman Sachs"", ""price_pct"": 99.58, ""coupon_pct_pa"": 5.52, ""timestamp"": ""2026-09-16T10:45:00Z"", ""valid_until"": ""2026-09-16T17:00:00Z""}",TSLA US; AVGO US; CRM US,"[{""name"": ""Tesla Inc."", ""ticker"": ""TSLA US"", ""asset_class"": ""Equity"", ""currency"": ""USD"", ""spot_price"": 218.0, ""strike_level_pct"": 100.0, ""barrier_level_pct"": 60.0, ""current_price"": 247.43, ""performance_pct"": 13.5, ""barrier_hit"": false, ""distance_to_barrier_pct"": 53.5}, {""name"": ""Broadcom Inc."", ""ticker"": ""AVGO US"", ""asset_class"": ""Equity"", ""currency"": ""USD"", ""spot_price"": 172.0, ""strike_level_pct"": 100.0, ""barrier_level_pct"": 60.0, ""current_price"": 136.69, ""performance_pct"": -20.53, ""barrier_hit"": false, ""distance_to_barrier_pct"": 19.47}, {""name"": ""Salesforce Inc."", ""ticker"": ""CRM US"", ""asset_class"": ""Equity"", ""currency"": ""USD"", ""spot_price"": 270.0, ""strike_level_pct"": 100.0, ""barrier_level_pct"": 60.0, ""current_price"": 285.82, ""performance_pct"": 5.86, ""barrier_hit"": false, ""distance_to_barrier_pct"": 45.86}]",0.3,0.2,0.0,0.03,0.53,"3M Express Certificate fee schedule: 30 bps distribution, 20 bps structuring, 3 bps exchange clearing."
RFQ-146,PRD-146,CH1261564146,"9M Multi Barrier Reverse Convertible on MC, AI",Barrier Reverse Convertible,Worst-of Basket,traded,EUR,100000.0,Zurich Cantonal Wealth,2026-09-26T09:25:00Z,2026-09-26T17:00:00Z,ZKB,99.87,"[{""issuer"": ""ZKB"", ""price_pct"": 99.87, ""coupon_pct_pa"": 5.16, ""timestamp"": ""2026-09-26T10:14:00Z"", ""valid_until"": ""2026-09-26T17:00:00Z""}, {""issuer"": ""Vontobel"", ""price_pct"": 100.1, ""coupon_pct_pa"": 4.9, ""timestamp"": ""2026-09-26T10:42:00Z"", ""valid_until"": ""2026-09-26T17:00:00Z""}, {""issuer"": ""LUKB"", ""price_pct"": 99.81, ""coupon_pct_pa"": 5.01, ""timestamp"": ""2026-09-26T10:24:00Z"", ""valid_until"": ""2026-09-26T17:00:00Z""}]","{""issuer"": ""ZKB"", ""price_pct"": 99.87, ""coupon_pct_pa"": 5.16, ""timestamp"": ""2026-09-26T10:14:00Z"", ""valid_until"": ""2026-09-26T17:00:00Z""}",MC FP; AI FP,"[{""name"": ""LVMH Mo\u00ebt Hennessy Louis Vuitton"", ""ticker"": ""MC FP"", ""asset_class"": ""Equity"", ""currency"": ""EUR"", ""spot_price"": 650.0, ""strike_level_pct"": 100.0, ""barrier_level_pct"": 65.0, ""current_price"": 721.04, ""performance_pct"": 10.93, ""barrier_hit"": false, ""distance_to_barrier_pct"": 45.93}, {""name"": ""Air Liquide SA"", ""ticker"": ""AI FP"", ""asset_class"": ""Equity"", ""currency"": ""EUR"", ""spot_price"": 170.0, ""strike_level_pct"": 100.0, ""barrier_level_pct"": 65.0, ""current_price"": 135.91, ""performance_pct"": -20.05, ""barrier_hit"": false, ""distance_to_barrier_pct"": 14.95}]",0.6,0.15,0.15,0.03,0.93,"9M Barrier Reverse Convertible fee schedule: 60 bps distribution, 15 bps structuring, 15 bps p.a. management fee, 3 bps exchange clearing."
RFQ-147,PRD-147,CH1261564147,"3M Multi Barrier Reverse Convertible on V, TSLA, BRK.B",Barrier Reverse Convertible,Worst-of Basket,open,USD,250000.0,Basel Institutional Funds,2026-09-17T09:18:00Z,2026-09-17T17:00:00Z,,,"[{""issuer"": ""Raiffeisen Switzerland"", ""price_pct"": 99.91, ""coupon_pct_pa"": 9.27, ""timestamp"": ""2026-09-17T10:15:00Z"", ""valid_until"": ""2026-09-17T17:00:00Z""}]","{""issuer"": ""Raiffeisen Switzerland"", ""price_pct"": 99.91, ""coupon_pct_pa"": 9.27, ""timestamp"": ""2026-09-17T10:15:00Z"", ""valid_until"": ""2026-09-17T17:00:00Z""}",V US; TSLA US; BRK.B US,"[{""name"": ""Visa Inc."", ""ticker"": ""V US"", ""asset_class"": ""Equity"", ""currency"": ""USD"", ""spot_price"": 282.0, ""strike_level_pct"": 100.0, ""barrier_level_pct"": 55.0, ""current_price"": 273.71, ""performance_pct"": -2.94, ""barrier_hit"": false, ""distance_to_barrier_pct"": 42.06}, {""name"": ""Tesla Inc."", ""ticker"": ""TSLA US"", ""asset_class"": ""Equity"", ""currency"": ""USD"", ""spot_price"": 218.0, ""strike_level_pct"": 100.0, ""barrier_level_pct"": 55.0, ""current_price"": 252.75, ""performance_pct"": 15.94, ""barrier_hit"": false, ""distance_to_barrier_pct"": 60.94}, {""name"": ""Berkshire Hathaway Inc."", ""ticker"": ""BRK.B US"", ""asset_class"": ""Equity"", ""currency"": ""USD"", ""spot_price"": 455.0, ""strike_level_pct"": 100.0, ""barrier_level_pct"": 55.0, ""current_price"": 356.31, ""performance_pct"": -21.69, ""barrier_hit"": false, ""distance_to_barrier_pct"": 23.31}]",0.5,0.25,0.1,0.05,0.9,"3M Barrier Reverse Convertible fee schedule: 50 bps distribution, 25 bps structuring, 10 bps p.a. management fee, 5 bps exchange clearing."
RFQ-148,PRD-148,CH1261564148,3Y Autocallable BRC on TSLA,Autocallable BRC,Single Underlying,open,USD,150000.0,Rhein Capital Partners,2026-09-29T09:35:00Z,2026-09-29T17:00:00Z,,,[],,TSLA US,"[{""name"": ""Tesla Inc."", ""ticker"": ""TSLA US"", ""asset_class"": ""Equity"", ""currency"": ""USD"", ""spot_price"": 218.0, ""strike_level_pct"": 100.0, ""barrier_level_pct"": 70.0, ""current_price"": 207.8, ""performance_pct"": -4.68, ""barrier_hit"": false, ""distance_to_barrier_pct"": 25.32}]",0.25,0.25,0.1,0.03,0.63,"3Y Autocallable BRC fee schedule: 25 bps distribution, 25 bps structuring, 10 bps p.a. management fee, 3 bps exchange clearing."
RFQ-149,PRD-149,CH1261564149,"6M Multi Outperformance Certificate on NVDA, MSFT, NFLX",Outperformance Certificate,Worst-of Basket,traded,USD,250000.0,Zurich Cantonal Wealth,2026-09-25T09:17:00Z,2026-09-25T17:00:00Z,LUKB,99.92,"[{""issuer"": ""Societe Generale"", ""price_pct"": 99.92, ""coupon_pct_pa"": 9.15, ""timestamp"": ""2026-09-25T10:23:00Z"", ""valid_until"": ""2026-09-25T17:00:00Z""}, {""issuer"": ""Julius Baer"", ""price_pct"": 99.83, ""coupon_pct_pa"": 8.95, ""timestamp"": ""2026-09-25T10:16:00Z"", ""valid_until"": ""2026-09-25T17:00:00Z""}, {""issuer"": ""ZKB"", ""price_pct"": 99.9, ""coupon_pct_pa"": 9.15, ""timestamp"": ""2026-09-25T10:17:00Z"", ""valid_until"": ""2026-09-25T17:00:00Z""}, {""issuer"": ""LUKB"", ""price_pct"": 99.92, ""coupon_pct_pa"": 9.56, ""timestamp"": ""2026-09-25T10:37:00Z"", ""valid_until"": ""2026-09-25T17:00:00Z""}]","{""issuer"": ""LUKB"", ""price_pct"": 99.92, ""coupon_pct_pa"": 9.56, ""timestamp"": ""2026-09-25T10:37:00Z"", ""valid_until"": ""2026-09-25T17:00:00Z""}",NVDA US; MSFT US; NFLX US,"[{""name"": ""NVIDIA Corporation"", ""ticker"": ""NVDA US"", ""asset_class"": ""Equity"", ""currency"": ""USD"", ""spot_price"": 122.5, ""strike_level_pct"": 100.0, ""barrier_level_pct"": 55.0, ""current_price"": 97.02, ""performance_pct"": -20.8, ""barrier_hit"": false, ""distance_to_barrier_pct"": 24.2}, {""name"": ""Microsoft Corporation"", ""ticker"": ""MSFT US"", ""asset_class"": ""Equity"", ""currency"": ""USD"", ""spot_price"": 428.0, ""strike_level_pct"": 100.0, ""barrier_level_pct"": 55.0, ""current_price"": 339.62, ""performance_pct"": -20.65, ""barrier_hit"": false, ""distance_to_barrier_pct"": 24.35}, {""name"": ""Netflix Inc."", ""ticker"": ""NFLX US"", ""asset_class"": ""Equity"", ""currency"": ""USD"", ""spot_price"": 710.0, ""strike_level_pct"": 100.0, ""barrier_level_pct"": 55.0, ""current_price"": 768.58, ""performance_pct"": 8.25, ""barrier_hit"": false, ""distance_to_barrier_pct"": 53.25}]",0.6,0.15,0.15,0.05,0.95,"6M Outperformance Certificate fee schedule: 60 bps distribution, 15 bps structuring, 15 bps p.a. management fee, 5 bps exchange clearing."
RFQ-150,PRD-150,CH1261564150,"3M Multi Express Certificate on SU, MUV2",Express Certificate,Worst-of Basket,open,EUR,500000.0,Vaud Family Office,2026-09-17T09:19:00Z,2026-09-17T17:00:00Z,,,[],,SU FP; MUV2 GY,"[{""name"": ""Schneider Electric SE"", ""ticker"": ""SU FP"", ""asset_class"": ""Equity"", ""currency"": ""EUR"", ""spot_price"": 240.0, ""strike_level_pct"": 100.0, ""barrier_level_pct"": 65.0, ""current_price"": 217.92, ""performance_pct"": -9.2, ""barrier_hit"": false, ""distance_to_barrier_pct"": 25.8}, {""name"": ""Munich Re"", ""ticker"": ""MUV2 GY"", ""asset_class"": ""Equity"", ""currency"": ""EUR"", ""spot_price"": 480.0, ""strike_level_pct"": 100.0, ""barrier_level_pct"": 65.0, ""current_price"": 399.17, ""performance_pct"": -16.84, ""barrier_hit"": false, ""distance_to_barrier_pct"": 18.16}]",0.25,0.15,0.15,0.02,0.57,"3M Express Certificate fee schedule: 25 bps distribution, 15 bps structuring, 15 bps p.a. management fee, 2 bps exchange clearing."
RFQ-151,PRD-151,CH1261564151,"9M Multi Twin-Win Certificate on SCMN, CFR",Twin-Win Certificate,Worst-of Basket,open,CHF,50000.0,Basel Institutional Funds,2026-09-20T09:49:00Z,2026-09-20T17:00:00Z,,,"[{""issuer"": ""UBS"", ""price_pct"": 99.69, ""coupon_pct_pa"": 8.97, ""timestamp"": ""2026-09-20T10:15:00Z"", ""valid_until"": ""2026-09-20T17:00:00Z""}]","{""issuer"": ""UBS"", ""price_pct"": 99.69, ""coupon_pct_pa"": 8.97, ""timestamp"": ""2026-09-20T10:15:00Z"", ""valid_until"": ""2026-09-20T17:00:00Z""}",SCMN SW; CFR SW,"[{""name"": ""Swisscom AG"", ""ticker"": ""SCMN SW"", ""asset_class"": ""Equity"", ""currency"": ""CHF"", ""spot_price"": 545.0, ""strike_level_pct"": 100.0, ""barrier_level_pct"": 65.0, ""current_price"": 599.28, ""performance_pct"": 9.96, ""barrier_hit"": false, ""distance_to_barrier_pct"": 44.96}, {""name"": ""Compagnie Financi\u00e8re Richemont SA"", ""ticker"": ""CFR SW"", ""asset_class"": ""Equity"", ""currency"": ""CHF"", ""spot_price"": 138.0, ""strike_level_pct"": 100.0, ""barrier_level_pct"": 65.0, ""current_price"": 138.75, ""performance_pct"": 0.54, ""barrier_hit"": false, ""distance_to_barrier_pct"": 35.54}]",0.5,0.3,0.1,0.03,0.93,"9M Twin-Win Certificate fee schedule: 50 bps distribution, 30 bps structuring, 10 bps p.a. management fee, 3 bps exchange clearing."
RFQ-152,PRD-152,CH1261564152,"9M Multi Autocallable BRC on UBSG, CFR, SLHN",Autocallable BRC,Worst-of Basket,quoted,CHF,50000.0,Lugano Private Clients,2026-09-24T09:23:00Z,2026-09-24T17:00:00Z,,,"[{""issuer"": ""LUKB"", ""price_pct"": 100.07, ""coupon_pct_pa"": 6.63, ""timestamp"": ""2026-09-24T10:21:00Z"", ""valid_until"": ""2026-09-24T17:00:00Z""}, {""issuer"": ""Raiffeisen Switzerland"", ""price_pct"": 99.88, ""coupon_pct_pa"": 6.75, ""timestamp"": ""2026-09-24T10:24:00Z"", ""valid_until"": ""2026-09-24T17:00:00Z""}]","{""issuer"": ""Raiffeisen Switzerland"", ""price_pct"": 99.88, ""coupon_pct_pa"": 6.75, ""timestamp"": ""2026-09-24T10:24:00Z"", ""valid_until"": ""2026-09-24T17:00:00Z""}",UBSG SW; CFR SW; SLHN SW,"[{""name"": ""UBS Group AG"", ""ticker"": ""UBSG SW"", ""asset_class"": ""Equity"", ""currency"": ""CHF"", ""spot_price"": 27.5, ""strike_level_pct"": 100.0, ""barrier_level_pct"": 75.0, ""current_price"": 28.88, ""performance_pct"": 5.02, ""barrier_hit"": false, ""distance_to_barrier_pct"": 30.02}, {""name"": ""Compagnie Financi\u00e8re Richemont SA"", ""ticker"": ""CFR SW"", ""asset_class"": ""Equity"", ""currency"": ""CHF"", ""spot_price"": 138.0, ""strike_level_pct"": 100.0, ""barrier_level_pct"": 75.0, ""current_price"": 106.32, ""performance_pct"": -22.96, ""barrier_hit"": false, ""distance_to_barrier_pct"": 2.04}, {""name"": ""Swiss Life Holding AG"", ""ticker"": ""SLHN SW"", ""asset_class"": ""Equity"", ""currency"": ""CHF"", ""spot_price"": 695.0, ""strike_level_pct"": 100.0, ""barrier_level_pct"": 75.0, ""current_price"": 644.89, ""performance_pct"": -7.21, ""barrier_hit"": false, ""distance_to_barrier_pct"": 17.79}]",0.6,0.25,0.0,0.03,0.88,"9M Autocallable BRC fee schedule: 60 bps distribution, 25 bps structuring, 3 bps exchange clearing."
RFQ-153,PRD-153,CH1261564153,12M Barrier Reverse Convertible on ALV,Barrier Reverse Convertible,Single Underlying,quoted,EUR,250000.0,Vaud Family Office,2026-09-28T09:28:00Z,2026-09-28T17:00:00Z,,,"[{""issuer"": ""Julius Baer"", ""price_pct"": 100.12, ""coupon_pct_pa"": 4.49, ""timestamp"": ""2026-09-28T10:49:00Z"", ""valid_until"": ""2026-09-28T17:00:00Z""}]","{""issuer"": ""Julius Baer"", ""price_pct"": 100.12, ""coupon_pct_pa"": 4.49, ""timestamp"": ""2026-09-28T10:49:00Z"", ""valid_until"": ""2026-09-28T17:00:00Z""}",ALV GY,"[{""name"": ""Allianz SE"", ""ticker"": ""ALV GY"", ""asset_class"": ""Equity"", ""currency"": ""EUR"", ""spot_price"": 285.0, ""strike_level_pct"": 100.0, ""barrier_level_pct"": 55.0, ""current_price"": 324.3, ""performance_pct"": 13.79, ""barrier_hit"": false, ""distance_to_barrier_pct"": 58.79}]",0.5,0.25,0.0,0.03,0.78,"12M Barrier Reverse Convertible fee schedule: 50 bps distribution, 25 bps structuring, 3 bps exchange clearing."
RFQ-154,PRD-154,CH1261564154,12M Capital Protection Certificate on SX5E EU,Capital Protection,Single Index Underlying,quoted,EUR,150000.0,Lugano Private Clients,2026-09-25T09:20:00Z,2026-09-25T17:00:00Z,,,"[{""issuer"": ""Morgan Stanley"", ""price_pct"": 99.57, ""coupon_pct_pa"": 9.6, ""timestamp"": ""2026-09-25T10:32:00Z"", ""valid_until"": ""2026-09-25T17:00:00Z""}]","{""issuer"": ""Morgan Stanley"", ""price_pct"": 99.57, ""coupon_pct_pa"": 9.6, ""timestamp"": ""2026-09-25T10:32:00Z"", ""valid_until"": ""2026-09-25T17:00:00Z""}",SX5E EU,"[{""name"": ""Euro Stoxx 50 Index"", ""ticker"": ""SX5E EU"", ""asset_class"": ""Equity Index"", ""currency"": ""EUR"", ""spot_price"": 4920.0, ""strike_level_pct"": 100.0, ""barrier_level_pct"": null, ""current_price"": 4974.12, ""performance_pct"": 1.1, ""barrier_hit"": false, ""distance_to_barrier_pct"": null}]",0.4,0.2,0.0,0.02,0.62,"12M Capital Protection fee schedule: 40 bps distribution, 20 bps structuring, 2 bps exchange clearing."
RFQ-155,PRD-155,CH1261564155,6M Capital Protection on ABBN,Capital Protection,Single Underlying,quoted,CHF,200000.0,Zug Wealth Management,2026-09-29T09:46:00Z,2026-09-29T17:00:00Z,,,"[{""issuer"": ""Raiffeisen Switzerland"", ""price_pct"": 99.97, ""coupon_pct_pa"": 7.99, ""timestamp"": ""2026-09-29T10:27:00Z"", ""valid_until"": ""2026-09-29T17:00:00Z""}, {""issuer"": ""Societe Generale"", ""price_pct"": 99.72, ""coupon_pct_pa"": 8.11, ""timestamp"": ""2026-09-29T10:14:00Z"", ""valid_until"": ""2026-09-29T17:00:00Z""}, {""issuer"": ""Vontobel"", ""price_pct"": 99.81, ""coupon_pct_pa"": 7.83, ""timestamp"": ""2026-09-29T10:13:00Z"", ""valid_until"": ""2026-09-29T17:00:00Z""}]","{""issuer"": ""Societe Generale"", ""price_pct"": 99.72, ""coupon_pct_pa"": 8.11, ""timestamp"": ""2026-09-29T10:14:00Z"", ""valid_until"": ""2026-09-29T17:00:00Z""}",ABBN SW,"[{""name"": ""ABB Ltd"", ""ticker"": ""ABBN SW"", ""asset_class"": ""Equity"", ""currency"": ""CHF"", ""spot_price"": 49.2, ""strike_level_pct"": 100.0, ""barrier_level_pct"": null, ""current_price"": 57.96, ""performance_pct"": 17.81, ""barrier_hit"": false, ""distance_to_barrier_pct"": null}]",0.4,0.25,0.0,0.05,0.7,"6M Capital Protection fee schedule: 40 bps distribution, 25 bps structuring, 5 bps exchange clearing."
RFQ-156,PRD-156,CH1261564156,"18M Multi Autocallable BRC on AI, SAN, ALV, ASML",Autocallable BRC,Worst-of Basket,quoted,EUR,50000.0,Lucerne Asset Management,2026-09-18T09:31:00Z,2026-09-18T17:00:00Z,,,"[{""issuer"": ""Morgan Stanley"", ""price_pct"": 100.04, ""coupon_pct_pa"": 9.21, ""timestamp"": ""2026-09-18T10:38:00Z"", ""valid_until"": ""2026-09-18T17:00:00Z""}]","{""issuer"": ""Morgan Stanley"", ""price_pct"": 100.04, ""coupon_pct_pa"": 9.21, ""timestamp"": ""2026-09-18T10:38:00Z"", ""valid_until"": ""2026-09-18T17:00:00Z""}",AI FP; SAN FP; ALV GY; ASML NA,"[{""name"": ""Air Liquide SA"", ""ticker"": ""AI FP"", ""asset_class"": ""Equity"", ""currency"": ""EUR"", ""spot_price"": 170.0, ""strike_level_pct"": 100.0, ""barrier_level_pct"": 70.0, ""current_price"": 197.05, ""performance_pct"": 15.91, ""barrier_hit"": false, ""distance_to_barrier_pct"": 45.91}, {""name"": ""Sanofi SA"", ""ticker"": ""SAN FP"", ""asset_class"": ""Equity"", ""currency"": ""EUR"", ""spot_price"": 98.0, ""strike_level_pct"": 100.0, ""barrier_level_pct"": 70.0, ""current_price"": 98.71, ""performance_pct"": 0.72, ""barrier_hit"": false, ""distance_to_barrier_pct"": 30.72}, {""name"": ""Allianz SE"", ""ticker"": ""ALV GY"", ""asset_class"": ""Equity"", ""currency"": ""EUR"", ""spot_price"": 285.0, ""strike_level_pct"": 100.0, ""barrier_level_pct"": 70.0, ""current_price"": 237.89, ""performance_pct"": -16.53, ""barrier_hit"": false, ""distance_to_barrier_pct"": 13.47}, {""name"": ""ASML Holding NV"", ""ticker"": ""ASML NA"", ""asset_class"": ""Equity"", ""currency"": ""EUR"", ""spot_price"": 780.0, ""strike_level_pct"": 100.0, ""barrier_level_pct"": 70.0, ""current_price"": 797.39, ""performance_pct"": 2.23, ""barrier_hit"": false, ""distance_to_barrier_pct"": 32.23}]",0.6,0.2,0.05,0.03,0.88,"18M Autocallable BRC fee schedule: 60 bps distribution, 20 bps structuring, 5 bps p.a. management fee, 3 bps exchange clearing."
RFQ-157,PRD-157,CH1261564157,"12M Multi Discount Certificate on MUV2, RACE, ASML",Discount Certificate,Worst-of Basket,quoted,EUR,500000.0,Rhein Capital Partners,2026-09-19T09:31:00Z,2026-09-19T17:00:00Z,,,"[{""issuer"": ""Barclays"", ""price_pct"": 99.68, ""coupon_pct_pa"": 10.23, ""timestamp"": ""2026-09-19T10:51:00Z"", ""valid_until"": ""2026-09-19T17:00:00Z""}]","{""issuer"": ""Barclays"", ""price_pct"": 99.68, ""coupon_pct_pa"": 10.23, ""timestamp"": ""2026-09-19T10:51:00Z"", ""valid_until"": ""2026-09-19T17:00:00Z""}",MUV2 GY; RACE IM; ASML NA,"[{""name"": ""Munich Re"", ""ticker"": ""MUV2 GY"", ""asset_class"": ""Equity"", ""currency"": ""EUR"", ""spot_price"": 480.0, ""strike_level_pct"": 100.0, ""barrier_level_pct"": 65.0, ""current_price"": 374.26, ""performance_pct"": -22.03, ""barrier_hit"": false, ""distance_to_barrier_pct"": 12.97}, {""name"": ""Ferrari NV"", ""ticker"": ""RACE IM"", ""asset_class"": ""Equity"", ""currency"": ""EUR"", ""spot_price"": 420.0, ""strike_level_pct"": 100.0, ""barrier_level_pct"": 65.0, ""current_price"": 332.85, ""performance_pct"": -20.75, ""barrier_hit"": false, ""distance_to_barrier_pct"": 14.25}, {""name"": ""ASML Holding NV"", ""ticker"": ""ASML NA"", ""asset_class"": ""Equity"", ""currency"": ""EUR"", ""spot_price"": 780.0, ""strike_level_pct"": 100.0, ""barrier_level_pct"": 65.0, ""current_price"": 823.13, ""performance_pct"": 5.53, ""barrier_hit"": false, ""distance_to_barrier_pct"": 40.53}]",0.75,0.3,0.0,0.05,1.1,"12M Discount Certificate fee schedule: 75 bps distribution, 30 bps structuring, 5 bps exchange clearing."
RFQ-158,PRD-158,CH1261564158,"9M Multi Autocallable BRC on V, BRK.B, QCOM, META",Autocallable BRC,Worst-of Basket,quoted,USD,500000.0,Lombard Alpine Advisors,2026-09-28T09:42:00Z,2026-09-28T17:00:00Z,,,"[{""issuer"": ""ZKB"", ""price_pct"": 100.25, ""coupon_pct_pa"": 5.65, ""timestamp"": ""2026-09-28T10:41:00Z"", ""valid_until"": ""2026-09-28T17:00:00Z""}, {""issuer"": ""Societe Generale"", ""price_pct"": 100.3, ""coupon_pct_pa"": 5.63, ""timestamp"": ""2026-09-28T10:19:00Z"", ""valid_until"": ""2026-09-28T17:00:00Z""}, {""issuer"": ""LUKB"", ""price_pct"": 100.16, ""coupon_pct_pa"": 5.52, ""timestamp"": ""2026-09-28T10:16:00Z"", ""valid_until"": ""2026-09-28T17:00:00Z""}]","{""issuer"": ""ZKB"", ""price_pct"": 100.25, ""coupon_pct_pa"": 5.65, ""timestamp"": ""2026-09-28T10:41:00Z"", ""valid_until"": ""2026-09-28T17:00:00Z""}",V US; BRK.B US; QCOM US; META US,"[{""name"": ""Visa Inc."", ""ticker"": ""V US"", ""asset_class"": ""Equity"", ""currency"": ""USD"", ""spot_price"": 282.0, ""strike_level_pct"": 100.0, ""barrier_level_pct"": 60.0, ""current_price"": 296.55, ""performance_pct"": 5.16, ""barrier_hit"": false, ""distance_to_barrier_pct"": 45.16}, {""name"": ""Berkshire Hathaway Inc."", ""ticker"": ""BRK.B US"", ""asset_class"": ""Equity"", ""currency"": ""USD"", ""spot_price"": 455.0, ""strike_level_pct"": 100.0, ""barrier_level_pct"": 60.0, ""current_price"": 510.96, ""performance_pct"": 12.3, ""barrier_hit"": false, ""distance_to_barrier_pct"": 52.3}, {""name"": ""Qualcomm Inc."", ""ticker"": ""QCOM US"", ""asset_class"": ""Equity"", ""currency"": ""USD"", ""spot_price"": 168.0, ""strike_level_pct"": 100.0, ""barrier_level_pct"": 60.0, ""current_price"": 181.84, ""performance_pct"": 8.24, ""barrier_hit"": false, ""distance_to_barrier_pct"": 48.24}, {""name"": ""Meta Platforms Inc."", ""ticker"": ""META US"", ""asset_class"": ""Equity"", ""currency"": ""USD"", ""spot_price"": 575.0, ""strike_level_pct"": 100.0, ""barrier_level_pct"": 60.0, ""current_price"": 608.58, ""performance_pct"": 5.84, ""barrier_hit"": false, ""distance_to_barrier_pct"": 45.84}]",0.6,0.15,0.05,0.05,0.85,"9M Autocallable BRC fee schedule: 60 bps distribution, 15 bps structuring, 5 bps p.a. management fee, 5 bps exchange clearing."
RFQ-159,PRD-159,CH1261564159,"6M Multi Discount Certificate on ABBN, SCHN",Discount Certificate,Worst-of Basket,traded,CHF,200000.0,Helvetia Capital Partners,2026-09-24T09:38:00Z,2026-09-24T17:00:00Z,Morgan Stanley,99.82,"[{""issuer"": ""Morgan Stanley"", ""price_pct"": 99.82, ""coupon_pct_pa"": 7.29, ""timestamp"": ""2026-09-24T10:22:00Z"", ""valid_until"": ""2026-09-24T17:00:00Z""}, {""issuer"": ""BNP Paribas"", ""price_pct"": 100.25, ""coupon_pct_pa"": 6.85, ""timestamp"": ""2026-09-24T10:38:00Z"", ""valid_until"": ""2026-09-24T17:00:00Z""}]","{""issuer"": ""Morgan Stanley"", ""price_pct"": 99.82, ""coupon_pct_pa"": 7.29, ""timestamp"": ""2026-09-24T10:22:00Z"", ""valid_until"": ""2026-09-24T17:00:00Z""}",ABBN SW; SCHN SW,"[{""name"": ""ABB Ltd"", ""ticker"": ""ABBN SW"", ""asset_class"": ""Equity"", ""currency"": ""CHF"", ""spot_price"": 49.2, ""strike_level_pct"": 100.0, ""barrier_level_pct"": 70.0, ""current_price"": 37.87, ""performance_pct"": -23.03, ""barrier_hit"": false, ""distance_to_barrier_pct"": 6.97}, {""name"": ""Schindler Holding AG"", ""ticker"": ""SCHN SW"", ""asset_class"": ""Equity"", ""currency"": ""CHF"", ""spot_price"": 238.0, ""strike_level_pct"": 100.0, ""barrier_level_pct"": 70.0, ""current_price"": 217.51, ""performance_pct"": -8.61, ""barrier_hit"": false, ""distance_to_barrier_pct"": 21.39}]",0.5,0.25,0.1,0.05,0.9,"6M Discount Certificate fee schedule: 50 bps distribution, 25 bps structuring, 10 bps p.a. management fee, 5 bps exchange clearing."
RFQ-160,PRD-160,CH1261564160,"3Y Multi Reverse Convertible on GOOGL, NFLX",Reverse Convertible,Worst-of Basket,quoted,USD,50000.0,Bernese Asset Management,2026-09-18T09:28:00Z,2026-09-18T17:00:00Z,,,"[{""issuer"": ""Vontobel"", ""price_pct"": 99.53, ""coupon_pct_pa"": 7.09, ""timestamp"": ""2026-09-18T10:37:00Z"", ""valid_until"": ""2026-09-18T17:00:00Z""}]","{""issuer"": ""Vontobel"", ""price_pct"": 99.53, ""coupon_pct_pa"": 7.09, ""timestamp"": ""2026-09-18T10:37:00Z"", ""valid_until"": ""2026-09-18T17:00:00Z""}",GOOGL US; NFLX US,"[{""name"": ""Alphabet Inc. Class A"", ""ticker"": ""GOOGL US"", ""asset_class"": ""Equity"", ""currency"": ""USD"", ""spot_price"": 179.0, ""strike_level_pct"": 100.0, ""barrier_level_pct"": 65.0, ""current_price"": 138.46, ""performance_pct"": -22.65, ""barrier_hit"": false, ""distance_to_barrier_pct"": 12.35}, {""name"": ""Netflix Inc."", ""ticker"": ""NFLX US"", ""asset_class"": ""Equity"", ""currency"": ""USD"", ""spot_price"": 710.0, ""strike_level_pct"": 100.0, ""barrier_level_pct"": 65.0, ""current_price"": 686.07, ""performance_pct"": -3.37, ""barrier_hit"": false, ""distance_to_barrier_pct"": 31.63}]",0.25,0.2,0.1,0.03,0.58,"3Y Reverse Convertible fee schedule: 25 bps distribution, 20 bps structuring, 10 bps p.a. management fee, 3 bps exchange clearing."
RFQ-161,PRD-161,CH1261564161,"3M Multi Discount Certificate on AI, TTE, SIE",Discount Certificate,Worst-of Basket,expired,EUR,1000000.0,Bernese Asset Management,2026-09-25T09:19:00Z,2026-09-25T17:00:00Z,,,"[{""issuer"": ""ZKB"", ""price_pct"": 100.15, ""coupon_pct_pa"": 11.81, ""timestamp"": ""2026-09-25T10:55:00Z"", ""valid_until"": ""2026-09-25T17:00:00Z""}, {""issuer"": ""LUKB"", ""price_pct"": 99.95, ""coupon_pct_pa"": 11.81, ""timestamp"": ""2026-09-25T10:15:00Z"", ""valid_until"": ""2026-09-25T17:00:00Z""}]","{""issuer"": ""LUKB"", ""price_pct"": 99.95, ""coupon_pct_pa"": 11.81, ""timestamp"": ""2026-09-25T10:15:00Z"", ""valid_until"": ""2026-09-25T17:00:00Z""}",AI FP; TTE FP; SIE GY,"[{""name"": ""Air Liquide SA"", ""ticker"": ""AI FP"", ""asset_class"": ""Equity"", ""currency"": ""EUR"", ""spot_price"": 170.0, ""strike_level_pct"": 100.0, ""barrier_level_pct"": 70.0, ""current_price"": 203.57, ""performance_pct"": 19.75, ""barrier_hit"": false, ""distance_to_barrier_pct"": 49.75}, {""name"": ""TotalEnergies SE"", ""ticker"": ""TTE FP"", ""asset_class"": ""Equity"", ""currency"": ""EUR"", ""spot_price"": 61.5, ""strike_level_pct"": 100.0, ""barrier_level_pct"": 70.0, ""current_price"": 56.5, ""performance_pct"": -8.13, ""barrier_hit"": false, ""distance_to_barrier_pct"": 21.87}, {""name"": ""Siemens AG"", ""ticker"": ""SIE GY"", ""asset_class"": ""Equity"", ""currency"": ""EUR"", ""spot_price"": 178.0, ""strike_level_pct"": 100.0, ""barrier_level_pct"": 70.0, ""current_price"": 135.76, ""performance_pct"": -23.73, ""barrier_hit"": false, ""distance_to_barrier_pct"": 6.27}]",0.25,0.25,0.0,0.02,0.52,"3M Discount Certificate fee schedule: 25 bps distribution, 25 bps structuring, 2 bps exchange clearing."
RFQ-162,PRD-162,CH1261564162,"3M Multi Discount Certificate on AVGO, GOOGL, MSFT",Discount Certificate,Worst-of Basket,open,USD,1000000.0,Matterhorn Family Office,2026-09-30T09:48:00Z,2026-09-30T17:00:00Z,,,[],,AVGO US; GOOGL US; MSFT US,"[{""name"": ""Broadcom Inc."", ""ticker"": ""AVGO US"", ""asset_class"": ""Equity"", ""currency"": ""USD"", ""spot_price"": 172.0, ""strike_level_pct"": 100.0, ""barrier_level_pct"": 55.0, ""current_price"": 147.46, ""performance_pct"": -14.27, ""barrier_hit"": false, ""distance_to_barrier_pct"": 30.73}, {""name"": ""Alphabet Inc. Class A"", ""ticker"": ""GOOGL US"", ""asset_class"": ""Equity"", ""currency"": ""USD"", ""spot_price"": 179.0, ""strike_level_pct"": 100.0, ""barrier_level_pct"": 55.0, ""current_price"": 185.71, ""performance_pct"": 3.75, ""barrier_hit"": false, ""distance_to_barrier_pct"": 48.75}, {""name"": ""Microsoft Corporation"", ""ticker"": ""MSFT US"", ""asset_class"": ""Equity"", ""currency"": ""USD"", ""spot_price"": 428.0, ""strike_level_pct"": 100.0, ""barrier_level_pct"": 55.0, ""current_price"": 440.97, ""performance_pct"": 3.03, ""barrier_hit"": false, ""distance_to_barrier_pct"": 48.03}]",0.75,0.2,0.0,0.03,0.98,"3M Discount Certificate fee schedule: 75 bps distribution, 20 bps structuring, 3 bps exchange clearing."
RFQ-163,PRD-163,CH1261564163,"6M Multi Outperformance Certificate on NFLX, NVDA, BRK.B, QCOM",Outperformance Certificate,Worst-of Basket,traded,USD,250000.0,Alpen Private Wealth,2026-09-15T09:34:00Z,2026-09-15T17:00:00Z,Societe Generale,99.7,"[{""issuer"": ""ZKB"", ""price_pct"": 99.46, ""coupon_pct_pa"": 10.34, ""timestamp"": ""2026-09-15T10:25:00Z"", ""valid_until"": ""2026-09-15T17:00:00Z""}, {""issuer"": ""Julius Baer"", ""price_pct"": 99.97, ""coupon_pct_pa"": 10.71, ""timestamp"": ""2026-09-15T10:47:00Z"", ""valid_until"": ""2026-09-15T17:00:00Z""}, {""issuer"": ""Societe Generale"", ""price_pct"": 99.7, ""coupon_pct_pa"": 10.72, ""timestamp"": ""2026-09-15T10:12:00Z"", ""valid_until"": ""2026-09-15T17:00:00Z""}, {""issuer"": ""LUKB"", ""price_pct"": 99.7, ""coupon_pct_pa"": 10.33, ""timestamp"": ""2026-09-15T10:51:00Z"", ""valid_until"": ""2026-09-15T17:00:00Z""}]","{""issuer"": ""Societe Generale"", ""price_pct"": 99.7, ""coupon_pct_pa"": 10.72, ""timestamp"": ""2026-09-15T10:12:00Z"", ""valid_until"": ""2026-09-15T17:00:00Z""}",NFLX US; NVDA US; BRK.B US; QCOM US,"[{""name"": ""Netflix Inc."", ""ticker"": ""NFLX US"", ""asset_class"": ""Equity"", ""currency"": ""USD"", ""spot_price"": 710.0, ""strike_level_pct"": 100.0, ""barrier_level_pct"": 55.0, ""current_price"": 699.78, ""performance_pct"": -1.44, ""barrier_hit"": false, ""distance_to_barrier_pct"": 43.56}, {""name"": ""NVIDIA Corporation"", ""ticker"": ""NVDA US"", ""asset_class"": ""Equity"", ""currency"": ""USD"", ""spot_price"": 122.5, ""strike_level_pct"": 100.0, ""barrier_level_pct"": 55.0, ""current_price"": 111.76, ""performance_pct"": -8.77, ""barrier_hit"": false, ""distance_to_barrier_pct"": 36.23}, {""name"": ""Berkshire Hathaway Inc."", ""ticker"": ""BRK.B US"", ""asset_class"": ""Equity"", ""currency"": ""USD"", ""spot_price"": 455.0, ""strike_level_pct"": 100.0, ""barrier_level_pct"": 55.0, ""current_price"": 536.45, ""performance_pct"": 17.9, ""barrier_hit"": false, ""distance_to_barrier_pct"": 62.9}, {""name"": ""Qualcomm Inc."", ""ticker"": ""QCOM US"", ""asset_class"": ""Equity"", ""currency"": ""USD"", ""spot_price"": 168.0, ""strike_level_pct"": 100.0, ""barrier_level_pct"": 55.0, ""current_price"": 167.13, ""performance_pct"": -0.52, ""barrier_hit"": false, ""distance_to_barrier_pct"": 44.48}]",0.3,0.3,0.1,0.05,0.75,"6M Outperformance Certificate fee schedule: 30 bps distribution, 30 bps structuring, 10 bps p.a. management fee, 5 bps exchange clearing."
RFQ-164,PRD-164,CH1261564164,"3M Multi Reverse Convertible on NOVN, CFR, SIKA",Reverse Convertible,Worst-of Basket,quoted,CHF,200000.0,Rhein Capital Partners,2026-09-30T09:26:00Z,2026-09-30T17:00:00Z,,,"[{""issuer"": ""Raiffeisen Switzerland"", ""price_pct"": 100.1, ""coupon_pct_pa"": 5.89, ""timestamp"": ""2026-09-30T10:51:00Z"", ""valid_until"": ""2026-09-30T17:00:00Z""}]","{""issuer"": ""Raiffeisen Switzerland"", ""price_pct"": 100.1, ""coupon_pct_pa"": 5.89, ""timestamp"": ""2026-09-30T10:51:00Z"", ""valid_until"": ""2026-09-30T17:00:00Z""}",NOVN SW; CFR SW; SIKA SW,"[{""name"": ""Novartis AG"", ""ticker"": ""NOVN SW"", ""asset_class"": ""Equity"", ""currency"": ""CHF"", ""spot_price"": 99.0, ""strike_level_pct"": 100.0, ""barrier_level_pct"": 55.0, ""current_price"": 109.49, ""performance_pct"": 10.6, ""barrier_hit"": false, ""distance_to_barrier_pct"": 55.6}, {""name"": ""Compagnie Financi\u00e8re Richemont SA"", ""ticker"": ""CFR SW"", ""asset_class"": ""Equity"", ""currency"": ""CHF"", ""spot_price"": 138.0, ""strike_level_pct"": 100.0, ""barrier_level_pct"": 55.0, ""current_price"": 158.51, ""performance_pct"": 14.86, ""barrier_hit"": false, ""distance_to_barrier_pct"": 59.86}, {""name"": ""Sika AG"", ""ticker"": ""SIKA SW"", ""asset_class"": ""Equity"", ""currency"": ""CHF"", ""spot_price"": 262.0, ""strike_level_pct"": 100.0, ""barrier_level_pct"": 55.0, ""current_price"": 233.7, ""performance_pct"": -10.8, ""barrier_hit"": false, ""distance_to_barrier_pct"": 34.2}]",0.4,0.25,0.0,0.03,0.68,"3M Reverse Convertible fee schedule: 40 bps distribution, 25 bps structuring, 3 bps exchange clearing."
RFQ-165,PRD-165,CH1261564165,"24M Multi Discount Certificate on V, META, NVDA",Discount Certificate,Worst-of Basket,quoted,USD,50000.0,Bernese Asset Management,2026-09-28T09:15:00Z,2026-09-28T17:00:00Z,,,"[{""issuer"": ""Barclays"", ""price_pct"": 99.99, ""coupon_pct_pa"": 6.65, ""timestamp"": ""2026-09-28T10:29:00Z"", ""valid_until"": ""2026-09-28T17:00:00Z""}, {""issuer"": ""Vontobel"", ""price_pct"": 100.05, ""coupon_pct_pa"": 7.02, ""timestamp"": ""2026-09-28T10:20:00Z"", ""valid_until"": ""2026-09-28T17:00:00Z""}, {""issuer"": ""Morgan Stanley"", ""price_pct"": 99.72, ""coupon_pct_pa"": 7.26, ""timestamp"": ""2026-09-28T10:12:00Z"", ""valid_until"": ""2026-09-28T17:00:00Z""}, {""issuer"": ""LUKB"", ""price_pct"": 100.22, ""coupon_pct_pa"": 7.3, ""timestamp"": ""2026-09-28T10:49:00Z"", ""valid_until"": ""2026-09-28T17:00:00Z""}]","{""issuer"": ""LUKB"", ""price_pct"": 100.22, ""coupon_pct_pa"": 7.3, ""timestamp"": ""2026-09-28T10:49:00Z"", ""valid_until"": ""2026-09-28T17:00:00Z""}",V US; META US; NVDA US,"[{""name"": ""Visa Inc."", ""ticker"": ""V US"", ""asset_class"": ""Equity"", ""currency"": ""USD"", ""spot_price"": 282.0, ""strike_level_pct"": 100.0, ""barrier_level_pct"": 70.0, ""current_price"": 299.31, ""performance_pct"": 6.14, ""barrier_hit"": false, ""distance_to_barrier_pct"": 36.14}, {""name"": ""Meta Platforms Inc."", ""ticker"": ""META US"", ""asset_class"": ""Equity"", ""currency"": ""USD"", ""spot_price"": 575.0, ""strike_level_pct"": 100.0, ""barrier_level_pct"": 70.0, ""current_price"": 526.3, ""performance_pct"": -8.47, ""barrier_hit"": false, ""distance_to_barrier_pct"": 21.53}, {""name"": ""NVIDIA Corporation"", ""ticker"": ""NVDA US"", ""asset_class"": ""Equity"", ""currency"": ""USD"", ""spot_price"": 122.5, ""strike_level_pct"": 100.0, ""barrier_level_pct"": 70.0, ""current_price"": 135.83, ""performance_pct"": 10.88, ""barrier_hit"": false, ""distance_to_barrier_pct"": 40.88}]",0.5,0.25,0.0,0.02,0.77,"24M Discount Certificate fee schedule: 50 bps distribution, 25 bps structuring, 2 bps exchange clearing."
RFQ-166,PRD-166,CH1261564166,"9M Multi Discount Certificate on META, AAPL, NVDA, JPM",Discount Certificate,Worst-of Basket,quoted,USD,250000.0,Zurich Cantonal Wealth,2026-09-19T09:38:00Z,2026-09-19T17:00:00Z,,,"[{""issuer"": ""Societe Generale"", ""price_pct"": 99.76, ""coupon_pct_pa"": 9.12, ""timestamp"": ""2026-09-19T10:51:00Z"", ""valid_until"": ""2026-09-19T17:00:00Z""}, {""issuer"": ""Goldman Sachs"", ""price_pct"": 100.26, ""coupon_pct_pa"": 8.87, ""timestamp"": ""2026-09-19T10:11:00Z"", ""valid_until"": ""2026-09-19T17:00:00Z""}, {""issuer"": ""UBS"", ""price_pct"": 99.85, ""coupon_pct_pa"": 9.33, ""timestamp"": ""2026-09-19T10:34:00Z"", ""valid_until"": ""2026-09-19T17:00:00Z""}]","{""issuer"": ""UBS"", ""price_pct"": 99.85, ""coupon_pct_pa"": 9.33, ""timestamp"": ""2026-09-19T10:34:00Z"", ""valid_until"": ""2026-09-19T17:00:00Z""}",META US; AAPL US; NVDA US; JPM US,"[{""name"": ""Meta Platforms Inc."", ""ticker"": ""META US"", ""asset_class"": ""Equity"", ""currency"": ""USD"", ""spot_price"": 575.0, ""strike_level_pct"": 100.0, ""barrier_level_pct"": 70.0, ""current_price"": 440.28, ""performance_pct"": -23.43, ""barrier_hit"": false, ""distance_to_barrier_pct"": 6.57}, {""name"": ""Apple Inc."", ""ticker"": ""AAPL US"", ""asset_class"": ""Equity"", ""currency"": ""USD"", ""spot_price"": 228.0, ""strike_level_pct"": 100.0, ""barrier_level_pct"": 70.0, ""current_price"": 177.91, ""performance_pct"": -21.97, ""barrier_hit"": false, ""distance_to_barrier_pct"": 8.03}, {""name"": ""NVIDIA Corporation"", ""ticker"": ""NVDA US"", ""asset_class"": ""Equity"", ""currency"": ""USD"", ""spot_price"": 122.5, ""strike_level_pct"": 100.0, ""barrier_level_pct"": 70.0, ""current_price"": 134.79, ""performance_pct"": 10.03, ""barrier_hit"": false, ""distance_to_barrier_pct"": 40.03}, {""name"": ""JPMorgan Chase & Co."", ""ticker"": ""JPM US"", ""asset_class"": ""Equity"", ""currency"": ""USD"", ""spot_price"": 215.0, ""strike_level_pct"": 100.0, ""barrier_level_pct"": 70.0, ""current_price"": 196.68, ""performance_pct"": -8.52, ""barrier_hit"": false, ""distance_to_barrier_pct"": 21.48}]",0.6,0.15,0.05,0.03,0.83,"9M Discount Certificate fee schedule: 60 bps distribution, 15 bps structuring, 5 bps p.a. management fee, 3 bps exchange clearing."
RFQ-167,PRD-167,CH1261564167,18M Capital Protection Certificate on NDX US,Capital Protection,Single Index Underlying,open,USD,50000.0,Lucerne Asset Management,2026-09-20T09:38:00Z,2026-09-20T17:00:00Z,,,[],,NDX US,"[{""name"": ""Nasdaq 100 Index"", ""ticker"": ""NDX US"", ""asset_class"": ""Equity Index"", ""currency"": ""USD"", ""spot_price"": 20100.0, ""strike_level_pct"": 100.0, ""barrier_level_pct"": null, ""current_price"": 19416.6, ""performance_pct"": -3.4, ""barrier_hit"": false, ""distance_to_barrier_pct"": null}]",0.75,0.25,0.05,0.05,1.1,"18M Capital Protection fee schedule: 75 bps distribution, 25 bps structuring, 5 bps p.a. management fee, 5 bps exchange clearing."
RFQ-168,PRD-168,CH1261564168,"9M Multi Express Certificate on ABBN, SCMN",Express Certificate,Worst-of Basket,traded,CHF,100000.0,Zug Wealth Management,2026-09-30T09:11:00Z,2026-09-30T17:00:00Z,Morgan Stanley,99.52,"[{""issuer"": ""Morgan Stanley"", ""price_pct"": 99.52, ""coupon_pct_pa"": 8.72, ""timestamp"": ""2026-09-30T10:15:00Z"", ""valid_until"": ""2026-09-30T17:00:00Z""}, {""issuer"": ""Barclays"", ""price_pct"": 99.76, ""coupon_pct_pa"": 7.81, ""timestamp"": ""2026-09-30T10:55:00Z"", ""valid_until"": ""2026-09-30T17:00:00Z""}, {""issuer"": ""Societe Generale"", ""price_pct"": 99.87, ""coupon_pct_pa"": 8.46, ""timestamp"": ""2026-09-30T10:36:00Z"", ""valid_until"": ""2026-09-30T17:00:00Z""}]","{""issuer"": ""Morgan Stanley"", ""price_pct"": 99.52, ""coupon_pct_pa"": 8.72, ""timestamp"": ""2026-09-30T10:15:00Z"", ""valid_until"": ""2026-09-30T17:00:00Z""}",ABBN SW; SCMN SW,"[{""name"": ""ABB Ltd"", ""ticker"": ""ABBN SW"", ""asset_class"": ""Equity"", ""currency"": ""CHF"", ""spot_price"": 49.2, ""strike_level_pct"": 100.0, ""barrier_level_pct"": 75.0, ""current_price"": 41.86, ""performance_pct"": -14.91, ""barrier_hit"": false, ""distance_to_barrier_pct"": 10.08}, {""name"": ""Swisscom AG"", ""ticker"": ""SCMN SW"", ""asset_class"": ""Equity"", ""currency"": ""CHF"", ""spot_price"": 545.0, ""strike_level_pct"": 100.0, ""barrier_level_pct"": 75.0, ""current_price"": 650.35, ""performance_pct"": 19.33, ""barrier_hit"": false, ""distance_to_barrier_pct"": 44.33}]",0.6,0.15,0.0,0.03,0.78,"9M Express Certificate fee schedule: 60 bps distribution, 15 bps structuring, 3 bps exchange clearing."
RFQ-169,PRD-169,CH1261564169,"12M Multi Twin-Win Certificate on LLY, NVDA, NFLX, V",Twin-Win Certificate,Worst-of Basket,expired,USD,50000.0,Rhein Capital Partners,2026-09-18T09:43:00Z,2026-09-18T17:00:00Z,,,"[{""issuer"": ""LUKB"", ""price_pct"": 99.6, ""coupon_pct_pa"": 6.23, ""timestamp"": ""2026-09-18T10:43:00Z"", ""valid_until"": ""2026-09-18T17:00:00Z""}, {""issuer"": ""Vontobel"", ""price_pct"": 100.16, ""coupon_pct_pa"": 6.19, ""timestamp"": ""2026-09-18T10:26:00Z"", ""valid_until"": ""2026-09-18T17:00:00Z""}]","{""issuer"": ""LUKB"", ""price_pct"": 99.6, ""coupon_pct_pa"": 6.23, ""timestamp"": ""2026-09-18T10:43:00Z"", ""valid_until"": ""2026-09-18T17:00:00Z""}",LLY US; NVDA US; NFLX US; V US,"[{""name"": ""Eli Lilly and Company"", ""ticker"": ""LLY US"", ""asset_class"": ""Equity"", ""currency"": ""USD"", ""spot_price"": 890.0, ""strike_level_pct"": 100.0, ""barrier_level_pct"": 75.0, ""current_price"": 923.73, ""performance_pct"": 3.79, ""barrier_hit"": false, ""distance_to_barrier_pct"": 28.79}, {""name"": ""NVIDIA Corporation"", ""ticker"": ""NVDA US"", ""asset_class"": ""Equity"", ""currency"": ""USD"", ""spot_price"": 122.5, ""strike_level_pct"": 100.0, ""barrier_level_pct"": 75.0, ""current_price"": 101.91, ""performance_pct"": -16.81, ""barrier_hit"": false, ""distance_to_barrier_pct"": 8.19}, {""name"": ""Netflix Inc."", ""ticker"": ""NFLX US"", ""asset_class"": ""Equity"", ""currency"": ""USD"", ""spot_price"": 710.0, ""strike_level_pct"": 100.0, ""barrier_level_pct"": 75.0, ""current_price"": 841.21, ""performance_pct"": 18.48, ""barrier_hit"": false, ""distance_to_barrier_pct"": 43.48}, {""name"": ""Visa Inc."", ""ticker"": ""V US"", ""asset_class"": ""Equity"", ""currency"": ""USD"", ""spot_price"": 282.0, ""strike_level_pct"": 100.0, ""barrier_level_pct"": 75.0, ""current_price"": 266.41, ""performance_pct"": -5.53, ""barrier_hit"": false, ""distance_to_barrier_pct"": 19.47}]",0.3,0.25,0.0,0.05,0.6,"12M Twin-Win Certificate fee schedule: 30 bps distribution, 25 bps structuring, 5 bps exchange clearing."
RFQ-170,PRD-170,CH1261564170,"18M Multi Autocallable BRC on LOGN, SCHN",Autocallable BRC,Worst-of Basket,expired,CHF,150000.0,Rhein Capital Partners,2026-09-16T09:11:00Z,2026-09-16T17:00:00Z,,,"[{""issuer"": ""ZKB"", ""price_pct"": 99.64, ""coupon_pct_pa"": 12.36, ""timestamp"": ""2026-09-16T10:23:00Z"", ""valid_until"": ""2026-09-16T17:00:00Z""}]","{""issuer"": ""ZKB"", ""price_pct"": 99.64, ""coupon_pct_pa"": 12.36, ""timestamp"": ""2026-09-16T10:23:00Z"", ""valid_until"": ""2026-09-16T17:00:00Z""}",LOGN SW; SCHN SW,"[{""name"": ""Logitech International SA"", ""ticker"": ""LOGN SW"", ""asset_class"": ""Equity"", ""currency"": ""CHF"", ""spot_price"": 78.5, ""strike_level_pct"": 100.0, ""barrier_level_pct"": 60.0, ""current_price"": 64.92, ""performance_pct"": -17.3, ""barrier_hit"": false, ""distance_to_barrier_pct"": 22.7}, {""name"": ""Schindler Holding AG"", ""ticker"": ""SCHN SW"", ""asset_class"": ""Equity"", ""currency"": ""CHF"", ""spot_price"": 238.0, ""strike_level_pct"": 100.0, ""barrier_level_pct"": 60.0, ""current_price"": 245.38, ""performance_pct"": 3.1, ""barrier_hit"": false, ""distance_to_barrier_pct"": 43.1}]",0.6,0.3,0.15,0.05,1.1,"18M Autocallable BRC fee schedule: 60 bps distribution, 30 bps structuring, 15 bps p.a. management fee, 5 bps exchange clearing."
RFQ-171,PRD-171,CH1261564171,"24M Multi Express Certificate on SLHN, GEBN, ALC",Express Certificate,Worst-of Basket,quoted,CHF,200000.0,Lugano Private Clients,2026-09-25T09:48:00Z,2026-09-25T17:00:00Z,,,"[{""issuer"": ""Societe Generale"", ""price_pct"": 100.28, ""coupon_pct_pa"": 10.73, ""timestamp"": ""2026-09-25T10:18:00Z"", ""valid_until"": ""2026-09-25T17:00:00Z""}, {""issuer"": ""Raiffeisen Switzerland"", ""price_pct"": 99.86, ""coupon_pct_pa"": 10.63, ""timestamp"": ""2026-09-25T10:16:00Z"", ""valid_until"": ""2026-09-25T17:00:00Z""}]","{""issuer"": ""Societe Generale"", ""price_pct"": 100.28, ""coupon_pct_pa"": 10.73, ""timestamp"": ""2026-09-25T10:18:00Z"", ""valid_until"": ""2026-09-25T17:00:00Z""}",SLHN SW; GEBN SW; ALC SW,"[{""name"": ""Swiss Life Holding AG"", ""ticker"": ""SLHN SW"", ""asset_class"": ""Equity"", ""currency"": ""CHF"", ""spot_price"": 695.0, ""strike_level_pct"": 100.0, ""barrier_level_pct"": 65.0, ""current_price"": 663.1, ""performance_pct"": -4.59, ""barrier_hit"": false, ""distance_to_barrier_pct"": 30.41}, {""name"": ""Geberit AG"", ""ticker"": ""GEBN SW"", ""asset_class"": ""Equity"", ""currency"": ""CHF"", ""spot_price"": 535.0, ""strike_level_pct"": 100.0, ""barrier_level_pct"": 65.0, ""current_price"": 567.05, ""performance_pct"": 5.99, ""barrier_hit"": false, ""distance_to_barrier_pct"": 40.99}, {""name"": ""Alcon AG"", ""ticker"": ""ALC SW"", ""asset_class"": ""Equity"", ""currency"": ""CHF"", ""spot_price"": 84.0, ""strike_level_pct"": 100.0, ""barrier_level_pct"": 65.0, ""current_price"": 68.97, ""performance_pct"": -17.89, ""barrier_hit"": false, ""distance_to_barrier_pct"": 17.11}]",0.4,0.2,0.1,0.02,0.72,"24M Express Certificate fee schedule: 40 bps distribution, 20 bps structuring, 10 bps p.a. management fee, 2 bps exchange clearing."
RFQ-172,PRD-172,CH1261564172,6M Capital Protection Certificate on SMI,Capital Protection,Single Index Underlying,traded,CHF,200000.0,Lugano Private Clients,2026-09-20T09:30:00Z,2026-09-20T17:00:00Z,BNP Paribas,100.19,"[{""issuer"": ""BNP Paribas"", ""price_pct"": 100.19, ""coupon_pct_pa"": 12.44, ""timestamp"": ""2026-09-20T10:41:00Z"", ""valid_until"": ""2026-09-20T17:00:00Z""}, {""issuer"": ""Vontobel"", ""price_pct"": 100.25, ""coupon_pct_pa"": 11.99, ""timestamp"": ""2026-09-20T10:42:00Z"", ""valid_until"": ""2026-09-20T17:00:00Z""}, {""issuer"": ""Goldman Sachs"", ""price_pct"": 99.62, ""coupon_pct_pa"": 12.43, ""timestamp"": ""2026-09-20T10:47:00Z"", ""valid_until"": ""2026-09-20T17:00:00Z""}]","{""issuer"": ""BNP Paribas"", ""price_pct"": 100.19, ""coupon_pct_pa"": 12.44, ""timestamp"": ""2026-09-20T10:41:00Z"", ""valid_until"": ""2026-09-20T17:00:00Z""}",SMI,"[{""name"": ""Swiss Market Index"", ""ticker"": ""SMI"", ""asset_class"": ""Equity Index"", ""currency"": ""CHF"", ""spot_price"": 12150.0, ""strike_level_pct"": 100.0, ""barrier_level_pct"": null, ""current_price"": 13819.41, ""performance_pct"": 13.74, ""barrier_hit"": false, ""distance_to_barrier_pct"": null}]",0.4,0.15,0.0,0.03,0.58,"6M Capital Protection fee schedule: 40 bps distribution, 15 bps structuring, 3 bps exchange clearing."
RFQ-173,PRD-173,CH1261564173,"9M Multi Twin-Win Certificate on AAPL, NFLX, MSFT, TSLA",Twin-Win Certificate,Worst-of Basket,quoted,USD,250000.0,Alpen Private Wealth,2026-09-21T09:33:00Z,2026-09-21T17:00:00Z,,,"[{""issuer"": ""UBS"", ""price_pct"": 100.14, ""coupon_pct_pa"": 8.15, ""timestamp"": ""2026-09-21T10:49:00Z"", ""valid_until"": ""2026-09-21T17:00:00Z""}, {""issuer"": ""Julius Baer"", ""price_pct"": 99.51, ""coupon_pct_pa"": 8.28, ""timestamp"": ""2026-09-21T10:16:00Z"", ""valid_until"": ""2026-09-21T17:00:00Z""}, {""issuer"": ""Morgan Stanley"", ""price_pct"": 100.12, ""coupon_pct_pa"": 7.99, ""timestamp"": ""2026-09-21T10:31:00Z"", ""valid_until"": ""2026-09-21T17:00:00Z""}]","{""issuer"": ""Julius Baer"", ""price_pct"": 99.51, ""coupon_pct_pa"": 8.28, ""timestamp"": ""2026-09-21T10:16:00Z"", ""valid_until"": ""2026-09-21T17:00:00Z""}",AAPL US; NFLX US; MSFT US; TSLA US,"[{""name"": ""Apple Inc."", ""ticker"": ""AAPL US"", ""asset_class"": ""Equity"", ""currency"": ""USD"", ""spot_price"": 228.0, ""strike_level_pct"": 100.0, ""barrier_level_pct"": 60.0, ""current_price"": 261.54, ""performance_pct"": 14.71, ""barrier_hit"": false, ""distance_to_barrier_pct"": 54.71}, {""name"": ""Netflix Inc."", ""ticker"": ""NFLX US"", ""asset_class"": ""Equity"", ""currency"": ""USD"", ""spot_price"": 710.0, ""strike_level_pct"": 100.0, ""barrier_level_pct"": 60.0, ""current_price"": 764.95, ""performance_pct"": 7.74, ""barrier_hit"": false, ""distance_to_barrier_pct"": 47.74}, {""name"": ""Microsoft Corporation"", ""ticker"": ""MSFT US"", ""asset_class"": ""Equity"", ""currency"": ""USD"", ""spot_price"": 428.0, ""strike_level_pct"": 100.0, ""barrier_level_pct"": 60.0, ""current_price"": 468.1, ""performance_pct"": 9.37, ""barrier_hit"": false, ""distance_to_barrier_pct"": 49.37}, {""name"": ""Tesla Inc."", ""ticker"": ""TSLA US"", ""asset_class"": ""Equity"", ""currency"": ""USD"", ""spot_price"": 218.0, ""strike_level_pct"": 100.0, ""barrier_level_pct"": 60.0, ""current_price"": 199.4, ""performance_pct"": -8.53, ""barrier_hit"": false, ""distance_to_barrier_pct"": 31.47}]",0.6,0.25,0.0,0.02,0.87,"9M Twin-Win Certificate fee schedule: 60 bps distribution, 25 bps structuring, 2 bps exchange clearing."
RFQ-174,PRD-174,CH1261564174,18M Discount Certificate on MSFT,Discount Certificate,Single Underlying,quoted,USD,200000.0,Alpen Private Wealth,2026-09-29T09:19:00Z,2026-09-29T17:00:00Z,,,"[{""issuer"": ""Societe Generale"", ""price_pct"": 99.95, ""coupon_pct_pa"": 6.94, ""timestamp"": ""2026-09-29T10:29:00Z"", ""valid_until"": ""2026-09-29T17:00:00Z""}, {""issuer"": ""Barclays"", ""price_pct"": 99.86, ""coupon_pct_pa"": 7.14, ""timestamp"": ""2026-09-29T10:42:00Z"", ""valid_until"": ""2026-09-29T17:00:00Z""}]","{""issuer"": ""Barclays"", ""price_pct"": 99.86, ""coupon_pct_pa"": 7.14, ""timestamp"": ""2026-09-29T10:42:00Z"", ""valid_until"": ""2026-09-29T17:00:00Z""}",MSFT US,"[{""name"": ""Microsoft Corporation"", ""ticker"": ""MSFT US"", ""asset_class"": ""Equity"", ""currency"": ""USD"", ""spot_price"": 428.0, ""strike_level_pct"": 100.0, ""barrier_level_pct"": 55.0, ""current_price"": 347.41, ""performance_pct"": -18.83, ""barrier_hit"": false, ""distance_to_barrier_pct"": 26.17}]",0.6,0.3,0.15,0.03,1.08,"18M Discount Certificate fee schedule: 60 bps distribution, 30 bps structuring, 15 bps p.a. management fee, 3 bps exchange clearing."
RFQ-175,PRD-175,CH1261564175,"9M Multi Barrier Reverse Convertible on AMZN, TSLA, JPM",Barrier Reverse Convertible,Worst-of Basket,open,USD,200000.0,EAM Zurich Partners,2026-09-22T09:13:00Z,2026-09-22T17:00:00Z,,,[],,AMZN US; TSLA US; JPM US,"[{""name"": ""Amazon.com Inc."", ""ticker"": ""AMZN US"", ""asset_class"": ""Equity"", ""currency"": ""USD"", ""spot_price"": 188.0, ""strike_level_pct"": 100.0, ""barrier_level_pct"": 65.0, ""current_price"": 208.4, ""performance_pct"": 10.85, ""barrier_hit"": false, ""distance_to_barrier_pct"": 45.85}, {""name"": ""Tesla Inc."", ""ticker"": ""TSLA US"", ""asset_class"": ""Equity"", ""currency"": ""USD"", ""spot_price"": 218.0, ""strike_level_pct"": 100.0, ""barrier_level_pct"": 65.0, ""current_price"": 234.66, ""performance_pct"": 7.64, ""barrier_hit"": false, ""distance_to_barrier_pct"": 42.64}, {""name"": ""JPMorgan Chase & Co."", ""ticker"": ""JPM US"", ""asset_class"": ""Equity"", ""currency"": ""USD"", ""spot_price"": 215.0, ""strike_level_pct"": 100.0, ""barrier_level_pct"": 65.0, ""current_price"": 227.81, ""performance_pct"": 5.96, ""barrier_hit"": false, ""distance_to_barrier_pct"": 40.96}]",0.3,0.3,0.0,0.05,0.65,"9M Barrier Reverse Convertible fee schedule: 30 bps distribution, 30 bps structuring, 5 bps exchange clearing."
RFQ-176,PRD-176,CH1261564176,6M Autocallable BRC on HOLN,Autocallable BRC,Single Underlying,quoted,CHF,100000.0,Vaud Family Office,2026-09-30T09:13:00Z,2026-09-30T17:00:00Z,,,"[{""issuer"": ""Morgan Stanley"", ""price_pct"": 99.83, ""coupon_pct_pa"": 9.49, ""timestamp"": ""2026-09-30T10:34:00Z"", ""valid_until"": ""2026-09-30T17:00:00Z""}, {""issuer"": ""BNP Paribas"", ""price_pct"": 99.56, ""coupon_pct_pa"": 8.8, ""timestamp"": ""2026-09-30T10:44:00Z"", ""valid_until"": ""2026-09-30T17:00:00Z""}]","{""issuer"": ""Morgan Stanley"", ""price_pct"": 99.83, ""coupon_pct_pa"": 9.49, ""timestamp"": ""2026-09-30T10:34:00Z"", ""valid_until"": ""2026-09-30T17:00:00Z""}",HOLN SW,"[{""name"": ""Holcim Ltd"", ""ticker"": ""HOLN SW"", ""asset_class"": ""Equity"", ""currency"": ""CHF"", ""spot_price"": 82.5, ""strike_level_pct"": 100.0, ""barrier_level_pct"": 65.0, ""current_price"": 77.43, ""performance_pct"": -6.15, ""barrier_hit"": false, ""distance_to_barrier_pct"": 28.85}]",0.4,0.25,0.05,0.05,0.75,"6M Autocallable BRC fee schedule: 40 bps distribution, 25 bps structuring, 5 bps p.a. management fee, 5 bps exchange clearing."
RFQ-177,PRD-177,CH1261564177,9M Capital Protection Certificate on SPX US,Capital Protection,Single Index Underlying,rejected,USD,1000000.0,EAM Zurich Partners,2026-09-21T09:41:00Z,2026-09-21T17:00:00Z,,,[],,SPX US,"[{""name"": ""S&P 500 Index"", ""ticker"": ""SPX US"", ""asset_class"": ""Equity Index"", ""currency"": ""USD"", ""spot_price"": 5750.0, ""strike_level_pct"": 100.0, ""barrier_level_pct"": null, ""current_price"": 6534.88, ""performance_pct"": 13.65, ""barrier_hit"": false, ""distance_to_barrier_pct"": null}]",0.4,0.3,0.05,0.05,0.8,"9M Capital Protection fee schedule: 40 bps distribution, 30 bps structuring, 5 bps p.a. management fee, 5 bps exchange clearing."
RFQ-178,PRD-178,CH1261564178,9M Express Certificate on RACE,Express Certificate,Single Underlying,rejected,EUR,1000000.0,St. Gallen Private Wealth,2026-09-19T09:28:00Z,2026-09-19T17:00:00Z,,,[],,RACE IM,"[{""name"": ""Ferrari NV"", ""ticker"": ""RACE IM"", ""asset_class"": ""Equity"", ""currency"": ""EUR"", ""spot_price"": 420.0, ""strike_level_pct"": 100.0, ""barrier_level_pct"": 75.0, ""current_price"": 386.78, ""performance_pct"": -7.91, ""barrier_hit"": false, ""distance_to_barrier_pct"": 17.09}]",0.25,0.25,0.0,0.03,0.53,"9M Express Certificate fee schedule: 25 bps distribution, 25 bps structuring, 3 bps exchange clearing."
RFQ-179,PRD-179,CH1261564179,"24M Multi Express Certificate on SIE, MUV2, AI",Express Certificate,Worst-of Basket,quoted,EUR,250000.0,Lugano Private Clients,2026-09-22T09:13:00Z,2026-09-22T17:00:00Z,,,"[{""issuer"": ""Raiffeisen Switzerland"", ""price_pct"": 100.05, ""coupon_pct_pa"": 4.83, ""timestamp"": ""2026-09-22T10:16:00Z"", ""valid_until"": ""2026-09-22T17:00:00Z""}, {""issuer"": ""BNP Paribas"", ""price_pct"": 99.52, ""coupon_pct_pa"": 5.1, ""timestamp"": ""2026-09-22T10:45:00Z"", ""valid_until"": ""2026-09-22T17:00:00Z""}]","{""issuer"": ""BNP Paribas"", ""price_pct"": 99.52, ""coupon_pct_pa"": 5.1, ""timestamp"": ""2026-09-22T10:45:00Z"", ""valid_until"": ""2026-09-22T17:00:00Z""}",SIE GY; MUV2 GY; AI FP,"[{""name"": ""Siemens AG"", ""ticker"": ""SIE GY"", ""asset_class"": ""Equity"", ""currency"": ""EUR"", ""spot_price"": 178.0, ""strike_level_pct"": 100.0, ""barrier_level_pct"": 65.0, ""current_price"": 208.24, ""performance_pct"": 16.99, ""barrier_hit"": false, ""distance_to_barrier_pct"": 51.99}, {""name"": ""Munich Re"", ""ticker"": ""MUV2 GY"", ""asset_class"": ""Equity"", ""currency"": ""EUR"", ""spot_price"": 480.0, ""strike_level_pct"": 100.0, ""barrier_level_pct"": 65.0, ""current_price"": 510.38, ""performance_pct"": 6.33, ""barrier_hit"": false, ""distance_to_barrier_pct"": 41.33}, {""name"": ""Air Liquide SA"", ""ticker"": ""AI FP"", ""asset_class"": ""Equity"", ""currency"": ""EUR"", ""spot_price"": 170.0, ""strike_level_pct"": 100.0, ""barrier_level_pct"": 65.0, ""current_price"": 138.01, ""performance_pct"": -18.82, ""barrier_hit"": false, ""distance_to_barrier_pct"": 16.18}]",0.3,0.3,0.1,0.03,0.73,"24M Express Certificate fee schedule: 30 bps distribution, 30 bps structuring, 10 bps p.a. management fee, 3 bps exchange clearing."
RFQ-180,PRD-180,CH1261564180,"9M Multi Express Certificate on MSFT, CRM, V",Express Certificate,Worst-of Basket,traded,USD,50000.0,Matterhorn Family Office,2026-09-20T09:36:00Z,2026-09-20T17:00:00Z,Julius Baer,99.41,"[{""issuer"": ""ZKB"", ""price_pct"": 100.07, ""coupon_pct_pa"": 10.49, ""timestamp"": ""2026-09-20T10:28:00Z"", ""valid_until"": ""2026-09-20T17:00:00Z""}, {""issuer"": ""Julius Baer"", ""price_pct"": 99.41, ""coupon_pct_pa"": 11.18, ""timestamp"": ""2026-09-20T10:46:00Z"", ""valid_until"": ""2026-09-20T17:00:00Z""}]","{""issuer"": ""Julius Baer"", ""price_pct"": 99.41, ""coupon_pct_pa"": 11.18, ""timestamp"": ""2026-09-20T10:46:00Z"", ""valid_until"": ""2026-09-20T17:00:00Z""}",MSFT US; CRM US; V US,"[{""name"": ""Microsoft Corporation"", ""ticker"": ""MSFT US"", ""asset_class"": ""Equity"", ""currency"": ""USD"", ""spot_price"": 428.0, ""strike_level_pct"": 100.0, ""barrier_level_pct"": 55.0, ""current_price"": 446.62, ""performance_pct"": 4.35, ""barrier_hit"": false, ""distance_to_barrier_pct"": 49.35}, {""name"": ""Salesforce Inc."", ""ticker"": ""CRM US"", ""asset_class"": ""Equity"", ""currency"": ""USD"", ""spot_price"": 270.0, ""strike_level_pct"": 100.0, ""barrier_level_pct"": 55.0, ""current_price"": 230.72, ""performance_pct"": -14.55, ""barrier_hit"": false, ""distance_to_barrier_pct"": 30.45}, {""name"": ""Visa Inc."", ""ticker"": ""V US"", ""asset_class"": ""Equity"", ""currency"": ""USD"", ""spot_price"": 282.0, ""strike_level_pct"": 100.0, ""barrier_level_pct"": 55.0, ""current_price"": 305.24, ""performance_pct"": 8.24, ""barrier_hit"": false, ""distance_to_barrier_pct"": 53.24}]",0.6,0.15,0.05,0.03,0.83,"9M Express Certificate fee schedule: 60 bps distribution, 15 bps structuring, 5 bps p.a. management fee, 3 bps exchange clearing."
RFQ-181,PRD-181,CH1261564181,"6M Multi Twin-Win Certificate on CRM, GOOGL, AMZN, V",Twin-Win Certificate,Worst-of Basket,open,USD,150000.0,Zug Wealth Management,2026-09-24T09:46:00Z,2026-09-24T17:00:00Z,,,[],,CRM US; GOOGL US; AMZN US; V US,"[{""name"": ""Salesforce Inc."", ""ticker"": ""CRM US"", ""asset_class"": ""Equity"", ""currency"": ""USD"", ""spot_price"": 270.0, ""strike_level_pct"": 100.0, ""barrier_level_pct"": 55.0, ""current_price"": 242.68, ""performance_pct"": -10.12, ""barrier_hit"": false, ""distance_to_barrier_pct"": 34.88}, {""name"": ""Alphabet Inc. Class A"", ""ticker"": ""GOOGL US"", ""asset_class"": ""Equity"", ""currency"": ""USD"", ""spot_price"": 179.0, ""strike_level_pct"": 100.0, ""barrier_level_pct"": 55.0, ""current_price"": 193.14, ""performance_pct"": 7.9, ""barrier_hit"": false, ""distance_to_barrier_pct"": 52.9}, {""name"": ""Amazon.com Inc."", ""ticker"": ""AMZN US"", ""asset_class"": ""Equity"", ""currency"": ""USD"", ""spot_price"": 188.0, ""strike_level_pct"": 100.0, ""barrier_level_pct"": 55.0, ""current_price"": 195.84, ""performance_pct"": 4.17, ""barrier_hit"": false, ""distance_to_barrier_pct"": 49.17}, {""name"": ""Visa Inc."", ""ticker"": ""V US"", ""asset_class"": ""Equity"", ""currency"": ""USD"", ""spot_price"": 282.0, ""strike_level_pct"": 100.0, ""barrier_level_pct"": 55.0, ""current_price"": 302.7, ""performance_pct"": 7.34, ""barrier_hit"": false, ""distance_to_barrier_pct"": 52.34}]",0.3,0.2,0.15,0.05,0.7,"6M Twin-Win Certificate fee schedule: 30 bps distribution, 20 bps structuring, 15 bps p.a. management fee, 5 bps exchange clearing."
RFQ-182,PRD-182,CH1261564182,"18M Multi Discount Certificate on SAP, SAN, MUV2",Discount Certificate,Worst-of Basket,open,EUR,200000.0,Lugano Private Clients,2026-09-29T09:27:00Z,2026-09-29T17:00:00Z,,,[],,SAP GY; SAN FP; MUV2 GY,"[{""name"": ""SAP SE"", ""ticker"": ""SAP GY"", ""asset_class"": ""Equity"", ""currency"": ""EUR"", ""spot_price"": 202.0, ""strike_level_pct"": 100.0, ""barrier_level_pct"": 60.0, ""current_price"": 240.74, ""performance_pct"": 19.18, ""barrier_hit"": false, ""distance_to_barrier_pct"": 59.18}, {""name"": ""Sanofi SA"", ""ticker"": ""SAN FP"", ""asset_class"": ""Equity"", ""currency"": ""EUR"", ""spot_price"": 98.0, ""strike_level_pct"": 100.0, ""barrier_level_pct"": 60.0, ""current_price"": 94.56, ""performance_pct"": -3.51, ""barrier_hit"": false, ""distance_to_barrier_pct"": 36.49}, {""name"": ""Munich Re"", ""ticker"": ""MUV2 GY"", ""asset_class"": ""Equity"", ""currency"": ""EUR"", ""spot_price"": 480.0, ""strike_level_pct"": 100.0, ""barrier_level_pct"": 60.0, ""current_price"": 562.13, ""performance_pct"": 17.11, ""barrier_hit"": false, ""distance_to_barrier_pct"": 57.11}]",0.4,0.15,0.05,0.05,0.65,"18M Discount Certificate fee schedule: 40 bps distribution, 15 bps structuring, 5 bps p.a. management fee, 5 bps exchange clearing."
RFQ-183,PRD-183,CH1261564183,"3M Multi Capital Protection on CFR, ABBN, ALC",Capital Protection,Worst-of Basket,traded,CHF,500000.0,Geneva Global Alpha,2026-09-24T09:33:00Z,2026-09-24T17:00:00Z,BNP Paribas,100.29,"[{""issuer"": ""BNP Paribas"", ""price_pct"": 100.29, ""coupon_pct_pa"": 8.28, ""timestamp"": ""2026-09-24T10:33:00Z"", ""valid_until"": ""2026-09-24T17:00:00Z""}, {""issuer"": ""Vontobel"", ""price_pct"": 99.89, ""coupon_pct_pa"": 8.25, ""timestamp"": ""2026-09-24T10:40:00Z"", ""valid_until"": ""2026-09-24T17:00:00Z""}]","{""issuer"": ""BNP Paribas"", ""price_pct"": 100.29, ""coupon_pct_pa"": 8.28, ""timestamp"": ""2026-09-24T10:33:00Z"", ""valid_until"": ""2026-09-24T17:00:00Z""}",CFR SW; ABBN SW; ALC SW,"[{""name"": ""Compagnie Financi\u00e8re Richemont SA"", ""ticker"": ""CFR SW"", ""asset_class"": ""Equity"", ""currency"": ""CHF"", ""spot_price"": 138.0, ""strike_level_pct"": 100.0, ""barrier_level_pct"": null, ""current_price"": 146.1, ""performance_pct"": 5.87, ""barrier_hit"": false, ""distance_to_barrier_pct"": null}, {""name"": ""ABB Ltd"", ""ticker"": ""ABBN SW"", ""asset_class"": ""Equity"", ""currency"": ""CHF"", ""spot_price"": 49.2, ""strike_level_pct"": 100.0, ""barrier_level_pct"": null, ""current_price"": 57.34, ""performance_pct"": 16.54, ""barrier_hit"": false, ""distance_to_barrier_pct"": null}, {""name"": ""Alcon AG"", ""ticker"": ""ALC SW"", ""asset_class"": ""Equity"", ""currency"": ""CHF"", ""spot_price"": 84.0, ""strike_level_pct"": 100.0, ""barrier_level_pct"": null, ""current_price"": 96.56, ""performance_pct"": 14.95, ""barrier_hit"": false, ""distance_to_barrier_pct"": null}]",0.6,0.2,0.0,0.05,0.85,"3M Capital Protection fee schedule: 60 bps distribution, 20 bps structuring, 5 bps exchange clearing."
RFQ-184,PRD-184,CH1261564184,"18M Multi Autocallable BRC on AI, TTE, SAP",Autocallable BRC,Worst-of Basket,open,EUR,250000.0,Basel Institutional Funds,2026-09-20T09:30:00Z,2026-09-20T17:00:00Z,,,[],,AI FP; TTE FP; SAP GY,"[{""name"": ""Air Liquide SA"", ""ticker"": ""AI FP"", ""asset_class"": ""Equity"", ""currency"": ""EUR"", ""spot_price"": 170.0, ""strike_level_pct"": 100.0, ""barrier_level_pct"": 75.0, ""current_price"": 136.09, ""performance_pct"": -19.95, ""barrier_hit"": false, ""distance_to_barrier_pct"": 5.05}, {""name"": ""TotalEnergies SE"", ""ticker"": ""TTE FP"", ""asset_class"": ""Equity"", ""currency"": ""EUR"", ""spot_price"": 61.5, ""strike_level_pct"": 100.0, ""barrier_level_pct"": 75.0, ""current_price"": 69.06, ""performance_pct"": 12.29, ""barrier_hit"": false, ""distance_to_barrier_pct"": 37.29}, {""name"": ""SAP SE"", ""ticker"": ""SAP GY"", ""asset_class"": ""Equity"", ""currency"": ""EUR"", ""spot_price"": 202.0, ""strike_level_pct"": 100.0, ""barrier_level_pct"": 75.0, ""current_price"": 233.57, ""performance_pct"": 15.63, ""barrier_hit"": false, ""distance_to_barrier_pct"": 40.63}]",0.5,0.15,0.0,0.05,0.7,"18M Autocallable BRC fee schedule: 50 bps distribution, 15 bps structuring, 5 bps exchange clearing."
RFQ-185,PRD-185,CH1261564185,"18M Multi Autocallable BRC on MSFT, AVGO, NVDA",Autocallable BRC,Worst-of Basket,traded,USD,150000.0,Bernese Asset Management,2026-09-15T09:35:00Z,2026-09-15T17:00:00Z,BNP Paribas,99.46,"[{""issuer"": ""ZKB"", ""price_pct"": 99.46, ""coupon_pct_pa"": 4.7, ""timestamp"": ""2026-09-15T10:13:00Z"", ""valid_until"": ""2026-09-15T17:00:00Z""}, {""issuer"": ""BNP Paribas"", ""price_pct"": 99.46, ""coupon_pct_pa"": 5.29, ""timestamp"": ""2026-09-15T10:40:00Z"", ""valid_until"": ""2026-09-15T17:00:00Z""}, {""issuer"": ""UBS"", ""price_pct"": 99.77, ""coupon_pct_pa"": 4.39, ""timestamp"": ""2026-09-15T10:18:00Z"", ""valid_until"": ""2026-09-15T17:00:00Z""}]","{""issuer"": ""BNP Paribas"", ""price_pct"": 99.46, ""coupon_pct_pa"": 5.29, ""timestamp"": ""2026-09-15T10:40:00Z"", ""valid_until"": ""2026-09-15T17:00:00Z""}",MSFT US; AVGO US; NVDA US,"[{""name"": ""Microsoft Corporation"", ""ticker"": ""MSFT US"", ""asset_class"": ""Equity"", ""currency"": ""USD"", ""spot_price"": 428.0, ""strike_level_pct"": 100.0, ""barrier_level_pct"": 75.0, ""current_price"": 400.99, ""performance_pct"": -6.31, ""barrier_hit"": false, ""distance_to_barrier_pct"": 18.69}, {""name"": ""Broadcom Inc."", ""ticker"": ""AVGO US"", ""asset_class"": ""Equity"", ""currency"": ""USD"", ""spot_price"": 172.0, ""strike_level_pct"": 100.0, ""barrier_level_pct"": 75.0, ""current_price"": 172.65, ""performance_pct"": 0.38, ""barrier_hit"": false, ""distance_to_barrier_pct"": 25.38}, {""name"": ""NVIDIA Corporation"", ""ticker"": ""NVDA US"", ""asset_class"": ""Equity"", ""currency"": ""USD"", ""spot_price"": 122.5, ""strike_level_pct"": 100.0, ""barrier_level_pct"": 75.0, ""current_price"": 122.68, ""performance_pct"": 0.15, ""barrier_hit"": false, ""distance_to_barrier_pct"": 25.15}]",0.75,0.3,0.05,0.03,1.13,"18M Autocallable BRC fee schedule: 75 bps distribution, 30 bps structuring, 5 bps p.a. management fee, 3 bps exchange clearing."
RFQ-186,PRD-186,CH1261564186,12M Discount Certificate on GOOGL,Discount Certificate,Single Underlying,rejected,USD,200000.0,Alpen Private Wealth,2026-09-19T09:24:00Z,2026-09-19T17:00:00Z,,,[],,GOOGL US,"[{""name"": ""Alphabet Inc. Class A"", ""ticker"": ""GOOGL US"", ""asset_class"": ""Equity"", ""currency"": ""USD"", ""spot_price"": 179.0, ""strike_level_pct"": 100.0, ""barrier_level_pct"": 65.0, ""current_price"": 143.81, ""performance_pct"": -19.66, ""barrier_hit"": false, ""distance_to_barrier_pct"": 15.34}]",0.25,0.15,0.05,0.03,0.48,"12M Discount Certificate fee schedule: 25 bps distribution, 15 bps structuring, 5 bps p.a. management fee, 3 bps exchange clearing."
RFQ-187,PRD-187,CH1261564187,"18M Multi Discount Certificate on AVGO, AMZN, QCOM",Discount Certificate,Worst-of Basket,traded,USD,50000.0,Zug Wealth Management,2026-09-28T09:49:00Z,2026-09-28T17:00:00Z,BNP Paribas,99.43,"[{""issuer"": ""BNP Paribas"", ""price_pct"": 99.43, ""coupon_pct_pa"": 5.75, ""timestamp"": ""2026-09-28T10:48:00Z"", ""valid_until"": ""2026-09-28T17:00:00Z""}]","{""issuer"": ""BNP Paribas"", ""price_pct"": 99.43, ""coupon_pct_pa"": 5.75, ""timestamp"": ""2026-09-28T10:48:00Z"", ""valid_until"": ""2026-09-28T17:00:00Z""}",AVGO US; AMZN US; QCOM US,"[{""name"": ""Broadcom Inc."", ""ticker"": ""AVGO US"", ""asset_class"": ""Equity"", ""currency"": ""USD"", ""spot_price"": 172.0, ""strike_level_pct"": 100.0, ""barrier_level_pct"": 65.0, ""current_price"": 141.01, ""performance_pct"": -18.02, ""barrier_hit"": false, ""distance_to_barrier_pct"": 16.98}, {""name"": ""Amazon.com Inc."", ""ticker"": ""AMZN US"", ""asset_class"": ""Equity"", ""currency"": ""USD"", ""spot_price"": 188.0, ""strike_level_pct"": 100.0, ""barrier_level_pct"": 65.0, ""current_price"": 156.94, ""performance_pct"": -16.52, ""barrier_hit"": false, ""distance_to_barrier_pct"": 18.48}, {""name"": ""Qualcomm Inc."", ""ticker"": ""QCOM US"", ""asset_class"": ""Equity"", ""currency"": ""USD"", ""spot_price"": 168.0, ""strike_level_pct"": 100.0, ""barrier_level_pct"": 65.0, ""current_price"": 192.16, ""performance_pct"": 14.38, ""barrier_hit"": false, ""distance_to_barrier_pct"": 49.38}]",0.75,0.15,0.0,0.05,0.95,"18M Discount Certificate fee schedule: 75 bps distribution, 15 bps structuring, 5 bps exchange clearing."
RFQ-188,PRD-188,CH1261564188,"6M Multi Twin-Win Certificate on SIKA, NOVN, ZURN, SREN",Twin-Win Certificate,Worst-of Basket,traded,CHF,1000000.0,St. Gallen Private Wealth,2026-09-22T09:29:00Z,2026-09-22T17:00:00Z,Morgan Stanley,100.22,"[{""issuer"": ""Raiffeisen Switzerland"", ""price_pct"": 99.45, ""coupon_pct_pa"": 6.07, ""timestamp"": ""2026-09-22T10:47:00Z"", ""valid_until"": ""2026-09-22T17:00:00Z""}, {""issuer"": ""Morgan Stanley"", ""price_pct"": 100.22, ""coupon_pct_pa"": 6.65, ""timestamp"": ""2026-09-22T10:50:00Z"", ""valid_until"": ""2026-09-22T17:00:00Z""}]","{""issuer"": ""Morgan Stanley"", ""price_pct"": 100.22, ""coupon_pct_pa"": 6.65, ""timestamp"": ""2026-09-22T10:50:00Z"", ""valid_until"": ""2026-09-22T17:00:00Z""}",SIKA SW; NOVN SW; ZURN SW; SREN SW,"[{""name"": ""Sika AG"", ""ticker"": ""SIKA SW"", ""asset_class"": ""Equity"", ""currency"": ""CHF"", ""spot_price"": 262.0, ""strike_level_pct"": 100.0, ""barrier_level_pct"": 65.0, ""current_price"": 224.11, ""performance_pct"": -14.46, ""barrier_hit"": false, ""distance_to_barrier_pct"": 20.54}, {""name"": ""Novartis AG"", ""ticker"": ""NOVN SW"", ""asset_class"": ""Equity"", ""currency"": ""CHF"", ""spot_price"": 99.0, ""strike_level_pct"": 100.0, ""barrier_level_pct"": 65.0, ""current_price"": 115.08, ""performance_pct"": 16.24, ""barrier_hit"": false, ""distance_to_barrier_pct"": 51.24}, {""name"": ""Zurich Insurance Group AG"", ""ticker"": ""ZURN SW"", ""asset_class"": ""Equity"", ""currency"": ""CHF"", ""spot_price"": 512.0, ""strike_level_pct"": 100.0, ""barrier_level_pct"": 65.0, ""current_price"": 516.71, ""performance_pct"": 0.92, ""barrier_hit"": false, ""distance_to_barrier_pct"": 35.92}, {""name"": ""Swiss Re AG"", ""ticker"": ""SREN SW"", ""asset_class"": ""Equity"", ""currency"": ""CHF"", ""spot_price"": 116.0, ""strike_level_pct"": 100.0, ""barrier_level_pct"": 65.0, ""current_price"": 117.15, ""performance_pct"": 0.99, ""barrier_hit"": false, ""distance_to_barrier_pct"": 35.99}]",0.75,0.3,0.15,0.03,1.23,"6M Twin-Win Certificate fee schedule: 75 bps distribution, 30 bps structuring, 15 bps p.a. management fee, 3 bps exchange clearing."
RFQ-189,PRD-189,CH1261564189,"24M Multi Outperformance Certificate on SREN, GIVN, PGHN",Outperformance Certificate,Worst-of Basket,quoted,CHF,1000000.0,Lugano Private Clients,2026-09-24T09:19:00Z,2026-09-24T17:00:00Z,,,"[{""issuer"": ""ZKB"", ""price_pct"": 99.62, ""coupon_pct_pa"": 8.59, ""timestamp"": ""2026-09-24T10:23:00Z"", ""valid_until"": ""2026-09-24T17:00:00Z""}, {""issuer"": ""Morgan Stanley"", ""price_pct"": 99.47, ""coupon_pct_pa"": 8.79, ""timestamp"": ""2026-09-24T10:38:00Z"", ""valid_until"": ""2026-09-24T17:00:00Z""}, {""issuer"": ""Julius Baer"", ""price_pct"": 99.48, ""coupon_pct_pa"": 9.31, ""timestamp"": ""2026-09-24T10:22:00Z"", ""valid_until"": ""2026-09-24T17:00:00Z""}, {""issuer"": ""Barclays"", ""price_pct"": 99.74, ""coupon_pct_pa"": 8.51, ""timestamp"": ""2026-09-24T10:48:00Z"", ""valid_until"": ""2026-09-24T17:00:00Z""}]","{""issuer"": ""Julius Baer"", ""price_pct"": 99.48, ""coupon_pct_pa"": 9.31, ""timestamp"": ""2026-09-24T10:22:00Z"", ""valid_until"": ""2026-09-24T17:00:00Z""}",SREN SW; GIVN SW; PGHN SW,"[{""name"": ""Swiss Re AG"", ""ticker"": ""SREN SW"", ""asset_class"": ""Equity"", ""currency"": ""CHF"", ""spot_price"": 116.0, ""strike_level_pct"": 100.0, ""barrier_level_pct"": 70.0, ""current_price"": 94.78, ""performance_pct"": -18.29, ""barrier_hit"": false, ""distance_to_barrier_pct"": 11.71}, {""name"": ""Givaudan SA"", ""ticker"": ""GIVN SW"", ""asset_class"": ""Equity"", ""currency"": ""CHF"", ""spot_price"": 4150.0, ""strike_level_pct"": 100.0, ""barrier_level_pct"": 70.0, ""current_price"": 3815.51, ""performance_pct"": -8.06, ""barrier_hit"": false, ""distance_to_barrier_pct"": 21.94}, {""name"": ""Partners Group Holding AG"", ""ticker"": ""PGHN SW"", ""asset_class"": ""Equity"", ""currency"": ""CHF"", ""spot_price"": 1210.0, ""strike_level_pct"": 100.0, ""barrier_level_pct"": 70.0, ""current_price"": 1318.29, ""performance_pct"": 8.95, ""barrier_hit"": false, ""distance_to_barrier_pct"": 38.95}]",0.6,0.15,0.0,0.02,0.77,"24M Outperformance Certificate fee schedule: 60 bps distribution, 15 bps structuring, 2 bps exchange clearing."
RFQ-190,PRD-190,CH1261564190,12M Capital Protection Certificate on DAX GY,Capital Protection,Single Index Underlying,expired,EUR,100000.0,Matterhorn Family Office,2026-09-21T09:17:00Z,2026-09-21T17:00:00Z,,,"[{""issuer"": ""BNP Paribas"", ""price_pct"": 100.1, ""coupon_pct_pa"": 11.87, ""timestamp"": ""2026-09-21T10:34:00Z"", ""valid_until"": ""2026-09-21T17:00:00Z""}, {""issuer"": ""Barclays"", ""price_pct"": 99.98, ""coupon_pct_pa"": 11.79, ""timestamp"": ""2026-09-21T10:29:00Z"", ""valid_until"": ""2026-09-21T17:00:00Z""}, {""issuer"": ""Raiffeisen Switzerland"", ""price_pct"": 99.86, ""coupon_pct_pa"": 11.58, ""timestamp"": ""2026-09-21T10:41:00Z"", ""valid_until"": ""2026-09-21T17:00:00Z""}, {""issuer"": ""Julius Baer"", ""price_pct"": 100.12, ""coupon_pct_pa"": 11.79, ""timestamp"": ""2026-09-21T10:40:00Z"", ""valid_until"": ""2026-09-21T17:00:00Z""}]","{""issuer"": ""BNP Paribas"", ""price_pct"": 100.1, ""coupon_pct_pa"": 11.87, ""timestamp"": ""2026-09-21T10:34:00Z"", ""valid_until"": ""2026-09-21T17:00:00Z""}",DAX GY,"[{""name"": ""DAX 40 Index"", ""ticker"": ""DAX GY"", ""asset_class"": ""Equity Index"", ""currency"": ""EUR"", ""spot_price"": 19200.0, ""strike_level_pct"": 100.0, ""barrier_level_pct"": null, ""current_price"": 19002.24, ""performance_pct"": -1.03, ""barrier_hit"": false, ""distance_to_barrier_pct"": null}]",0.4,0.2,0.05,0.03,0.68,"12M Capital Protection fee schedule: 40 bps distribution, 20 bps structuring, 5 bps p.a. management fee, 3 bps exchange clearing."
RFQ-191,PRD-191,CH1261564191,24M Capital Protection Certificate on NDX US,Capital Protection,Single Index Underlying,quoted,USD,500000.0,Vaud Family Office,2026-09-24T09:19:00Z,2026-09-24T17:00:00Z,,,"[{""issuer"": ""Societe Generale"", ""price_pct"": 99.85, ""coupon_pct_pa"": 7.87, ""timestamp"": ""2026-09-24T10:51:00Z"", ""valid_until"": ""2026-09-24T17:00:00Z""}, {""issuer"": ""BNP Paribas"", ""price_pct"": 99.7, ""coupon_pct_pa"": 7.98, ""timestamp"": ""2026-09-24T10:41:00Z"", ""valid_until"": ""2026-09-24T17:00:00Z""}]","{""issuer"": ""BNP Paribas"", ""price_pct"": 99.7, ""coupon_pct_pa"": 7.98, ""timestamp"": ""2026-09-24T10:41:00Z"", ""valid_until"": ""2026-09-24T17:00:00Z""}",NDX US,"[{""name"": ""Nasdaq 100 Index"", ""ticker"": ""NDX US"", ""asset_class"": ""Equity Index"", ""currency"": ""USD"", ""spot_price"": 20100.0, ""strike_level_pct"": 100.0, ""barrier_level_pct"": null, ""current_price"": 21050.73, ""performance_pct"": 4.73, ""barrier_hit"": false, ""distance_to_barrier_pct"": null}]",0.75,0.3,0.1,0.02,1.17,"24M Capital Protection fee schedule: 75 bps distribution, 30 bps structuring, 10 bps p.a. management fee, 2 bps exchange clearing."
RFQ-192,PRD-192,CH1261564192,"6M Multi Outperformance Certificate on QCOM, NVDA",Outperformance Certificate,Worst-of Basket,quoted,USD,1000000.0,Rhein Capital Partners,2026-09-17T09:13:00Z,2026-09-17T17:00:00Z,,,"[{""issuer"": ""Julius Baer"", ""price_pct"": 99.46, ""coupon_pct_pa"": 5.73, ""timestamp"": ""2026-09-17T10:19:00Z"", ""valid_until"": ""2026-09-17T17:00:00Z""}]","{""issuer"": ""Julius Baer"", ""price_pct"": 99.46, ""coupon_pct_pa"": 5.73, ""timestamp"": ""2026-09-17T10:19:00Z"", ""valid_until"": ""2026-09-17T17:00:00Z""}",QCOM US; NVDA US,"[{""name"": ""Qualcomm Inc."", ""ticker"": ""QCOM US"", ""asset_class"": ""Equity"", ""currency"": ""USD"", ""spot_price"": 168.0, ""strike_level_pct"": 100.0, ""barrier_level_pct"": 75.0, ""current_price"": 200.86, ""performance_pct"": 19.56, ""barrier_hit"": false, ""distance_to_barrier_pct"": 44.56}, {""name"": ""NVIDIA Corporation"", ""ticker"": ""NVDA US"", ""asset_class"": ""Equity"", ""currency"": ""USD"", ""spot_price"": 122.5, ""strike_level_pct"": 100.0, ""barrier_level_pct"": 75.0, ""current_price"": 144.65, ""performance_pct"": 18.08, ""barrier_hit"": false, ""distance_to_barrier_pct"": 43.08}]",0.25,0.2,0.15,0.03,0.63,"6M Outperformance Certificate fee schedule: 25 bps distribution, 20 bps structuring, 15 bps p.a. management fee, 3 bps exchange clearing."
RFQ-193,PRD-193,CH1261564193,"24M Multi Twin-Win Certificate on NESN, SCHN, STMN",Twin-Win Certificate,Worst-of Basket,quoted,CHF,150000.0,Zurich Cantonal Wealth,2026-09-28T09:21:00Z,2026-09-28T17:00:00Z,,,"[{""issuer"": ""UBS"", ""price_pct"": 99.96, ""coupon_pct_pa"": 8.44, ""timestamp"": ""2026-09-28T10:26:00Z"", ""valid_until"": ""2026-09-28T17:00:00Z""}]","{""issuer"": ""UBS"", ""price_pct"": 99.96, ""coupon_pct_pa"": 8.44, ""timestamp"": ""2026-09-28T10:26:00Z"", ""valid_until"": ""2026-09-28T17:00:00Z""}",NESN SW; SCHN SW; STMN SW,"[{""name"": ""Nestl\u00e9 SA"", ""ticker"": ""NESN SW"", ""asset_class"": ""Equity"", ""currency"": ""CHF"", ""spot_price"": 92.5, ""strike_level_pct"": 100.0, ""barrier_level_pct"": 75.0, ""current_price"": 86.5, ""performance_pct"": -6.49, ""barrier_hit"": false, ""distance_to_barrier_pct"": 18.51}, {""name"": ""Schindler Holding AG"", ""ticker"": ""SCHN SW"", ""asset_class"": ""Equity"", ""currency"": ""CHF"", ""spot_price"": 238.0, ""strike_level_pct"": 100.0, ""barrier_level_pct"": 75.0, ""current_price"": 180.29, ""performance_pct"": -24.25, ""barrier_hit"": false, ""distance_to_barrier_pct"": 0.75}, {""name"": ""Straumann Holding AG"", ""ticker"": ""STMN SW"", ""asset_class"": ""Equity"", ""currency"": ""CHF"", ""spot_price"": 122.0, ""strike_level_pct"": 100.0, ""barrier_level_pct"": 75.0, ""current_price"": 131.15, ""performance_pct"": 7.5, ""barrier_hit"": false, ""distance_to_barrier_pct"": 32.5}]",0.4,0.25,0.1,0.02,0.77,"24M Twin-Win Certificate fee schedule: 40 bps distribution, 25 bps structuring, 10 bps p.a. management fee, 2 bps exchange clearing."
RFQ-194,PRD-194,CH1261564194,"12M Multi Discount Certificate on GEBN, SCHN, CFR, ROG",Discount Certificate,Worst-of Basket,open,CHF,100000.0,Geneva Global Alpha,2026-09-30T09:37:00Z,2026-09-30T17:00:00Z,,,[],,GEBN SW; SCHN SW; CFR SW; ROG SW,"[{""name"": ""Geberit AG"", ""ticker"": ""GEBN SW"", ""asset_class"": ""Equity"", ""currency"": ""CHF"", ""spot_price"": 535.0, ""strike_level_pct"": 100.0, ""barrier_level_pct"": 55.0, ""current_price"": 423.77, ""performance_pct"": -20.79, ""barrier_hit"": false, ""distance_to_barrier_pct"": 24.21}, {""name"": ""Schindler Holding AG"", ""ticker"": ""SCHN SW"", ""asset_class"": ""Equity"", ""currency"": ""CHF"", ""spot_price"": 238.0, ""strike_level_pct"": 100.0, ""barrier_level_pct"": 55.0, ""current_price"": 219.13, ""performance_pct"": -7.93, ""barrier_hit"": false, ""distance_to_barrier_pct"": 37.07}, {""name"": ""Compagnie Financi\u00e8re Richemont SA"", ""ticker"": ""CFR SW"", ""asset_class"": ""Equity"", ""currency"": ""CHF"", ""spot_price"": 138.0, ""strike_level_pct"": 100.0, ""barrier_level_pct"": 55.0, ""current_price"": 137.82, ""performance_pct"": -0.13, ""barrier_hit"": false, ""distance_to_barrier_pct"": 44.87}, {""name"": ""Roche Holding AG"", ""ticker"": ""ROG SW"", ""asset_class"": ""Equity"", ""currency"": ""CHF"", ""spot_price"": 248.0, ""strike_level_pct"": 100.0, ""barrier_level_pct"": 55.0, ""current_price"": 192.27, ""performance_pct"": -22.47, ""barrier_hit"": false, ""distance_to_barrier_pct"": 22.53}]",0.4,0.15,0.15,0.02,0.72,"12M Discount Certificate fee schedule: 40 bps distribution, 15 bps structuring, 15 bps p.a. management fee, 2 bps exchange clearing."
RFQ-195,PRD-195,CH1261564195,9M Twin-Win Certificate on ROG,Twin-Win Certificate,Single Underlying,quoted,CHF,50000.0,Basel Institutional Funds,2026-09-25T09:11:00Z,2026-09-25T17:00:00Z,,,"[{""issuer"": ""Barclays"", ""price_pct"": 99.76, ""coupon_pct_pa"": 10.73, ""timestamp"": ""2026-09-25T10:14:00Z"", ""valid_until"": ""2026-09-25T17:00:00Z""}, {""issuer"": ""Vontobel"", ""price_pct"": 99.91, ""coupon_pct_pa"": 10.32, ""timestamp"": ""2026-09-25T10:46:00Z"", ""valid_until"": ""2026-09-25T17:00:00Z""}]","{""issuer"": ""Barclays"", ""price_pct"": 99.76, ""coupon_pct_pa"": 10.73, ""timestamp"": ""2026-09-25T10:14:00Z"", ""valid_until"": ""2026-09-25T17:00:00Z""}",ROG SW,"[{""name"": ""Roche Holding AG"", ""ticker"": ""ROG SW"", ""asset_class"": ""Equity"", ""currency"": ""CHF"", ""spot_price"": 248.0, ""strike_level_pct"": 100.0, ""barrier_level_pct"": 65.0, ""current_price"": 286.37, ""performance_pct"": 15.47, ""barrier_hit"": false, ""distance_to_barrier_pct"": 50.47}]",0.5,0.25,0.1,0.05,0.9,"9M Twin-Win Certificate fee schedule: 50 bps distribution, 25 bps structuring, 10 bps p.a. management fee, 5 bps exchange clearing."
RFQ-196,PRD-196,CH1261564196,"18M Multi Autocallable BRC on NOVN, UBSG, PGHN",Autocallable BRC,Worst-of Basket,rejected,CHF,200000.0,Zug Wealth Management,2026-09-25T09:11:00Z,2026-09-25T17:00:00Z,,,[],,NOVN SW; UBSG SW; PGHN SW,"[{""name"": ""Novartis AG"", ""ticker"": ""NOVN SW"", ""asset_class"": ""Equity"", ""currency"": ""CHF"", ""spot_price"": 99.0, ""strike_level_pct"": 100.0, ""barrier_level_pct"": 60.0, ""current_price"": 111.61, ""performance_pct"": 12.74, ""barrier_hit"": false, ""distance_to_barrier_pct"": 52.74}, {""name"": ""UBS Group AG"", ""ticker"": ""UBSG SW"", ""asset_class"": ""Equity"", ""currency"": ""CHF"", ""spot_price"": 27.5, ""strike_level_pct"": 100.0, ""barrier_level_pct"": 60.0, ""current_price"": 24.84, ""performance_pct"": -9.67, ""barrier_hit"": false, ""distance_to_barrier_pct"": 30.33}, {""name"": ""Partners Group Holding AG"", ""ticker"": ""PGHN SW"", ""asset_class"": ""Equity"", ""currency"": ""CHF"", ""spot_price"": 1210.0, ""strike_level_pct"": 100.0, ""barrier_level_pct"": 60.0, ""current_price"": 1326.28, ""performance_pct"": 9.61, ""barrier_hit"": false, ""distance_to_barrier_pct"": 49.61}]",0.75,0.25,0.1,0.03,1.13,"18M Autocallable BRC fee schedule: 75 bps distribution, 25 bps structuring, 10 bps p.a. management fee, 3 bps exchange clearing."
RFQ-197,PRD-197,CH1261564197,"12M Multi Discount Certificate on LOGN, ALC",Discount Certificate,Worst-of Basket,open,CHF,50000.0,Geneva Global Alpha,2026-09-23T09:19:00Z,2026-09-23T17:00:00Z,,,"[{""issuer"": ""Raiffeisen Switzerland"", ""price_pct"": 99.61, ""coupon_pct_pa"": 7.34, ""timestamp"": ""2026-09-23T10:15:00Z"", ""valid_until"": ""2026-09-23T17:00:00Z""}]","{""issuer"": ""Raiffeisen Switzerland"", ""price_pct"": 99.61, ""coupon_pct_pa"": 7.34, ""timestamp"": ""2026-09-23T10:15:00Z"", ""valid_until"": ""2026-09-23T17:00:00Z""}",LOGN SW; ALC SW,"[{""name"": ""Logitech International SA"", ""ticker"": ""LOGN SW"", ""asset_class"": ""Equity"", ""currency"": ""CHF"", ""spot_price"": 78.5, ""strike_level_pct"": 100.0, ""barrier_level_pct"": 55.0, ""current_price"": 86.15, ""performance_pct"": 9.75, ""barrier_hit"": false, ""distance_to_barrier_pct"": 54.75}, {""name"": ""Alcon AG"", ""ticker"": ""ALC SW"", ""asset_class"": ""Equity"", ""currency"": ""CHF"", ""spot_price"": 84.0, ""strike_level_pct"": 100.0, ""barrier_level_pct"": 55.0, ""current_price"": 74.16, ""performance_pct"": -11.71, ""barrier_hit"": false, ""distance_to_barrier_pct"": 33.29}]",0.4,0.15,0.0,0.02,0.57,"12M Discount Certificate fee schedule: 40 bps distribution, 15 bps structuring, 2 bps exchange clearing."
RFQ-198,PRD-198,CH1261564198,"9M Multi Twin-Win Certificate on SAP, MC, MUV2",Twin-Win Certificate,Worst-of Basket,open,EUR,50000.0,St. Gallen Private Wealth,2026-09-17T09:48:00Z,2026-09-17T17:00:00Z,,,[],,SAP GY; MC FP; MUV2 GY,"[{""name"": ""SAP SE"", ""ticker"": ""SAP GY"", ""asset_class"": ""Equity"", ""currency"": ""EUR"", ""spot_price"": 202.0, ""strike_level_pct"": 100.0, ""barrier_level_pct"": 60.0, ""current_price"": 190.67, ""performance_pct"": -5.61, ""barrier_hit"": false, ""distance_to_barrier_pct"": 34.39}, {""name"": ""LVMH Mo\u00ebt Hennessy Louis Vuitton"", ""ticker"": ""MC FP"", ""asset_class"": ""Equity"", ""currency"": ""EUR"", ""spot_price"": 650.0, ""strike_level_pct"": 100.0, ""barrier_level_pct"": 60.0, ""current_price"": 650.39, ""performance_pct"": 0.06, ""barrier_hit"": false, ""distance_to_barrier_pct"": 40.06}, {""name"": ""Munich Re"", ""ticker"": ""MUV2 GY"", ""asset_class"": ""Equity"", ""currency"": ""EUR"", ""spot_price"": 480.0, ""strike_level_pct"": 100.0, ""barrier_level_pct"": 60.0, ""current_price"": 470.69, ""performance_pct"": -1.94, ""barrier_hit"": false, ""distance_to_barrier_pct"": 38.06}]",0.4,0.3,0.0,0.03,0.73,"9M Twin-Win Certificate fee schedule: 40 bps distribution, 30 bps structuring, 3 bps exchange clearing."
RFQ-199,PRD-199,CH1261564199,"24M Multi Autocallable BRC on AVGO, JPM, AMD, NVDA",Autocallable BRC,Worst-of Basket,open,USD,150000.0,Vaud Family Office,2026-09-24T09:40:00Z,2026-09-24T17:00:00Z,,,[],,AVGO US; JPM US; AMD US; NVDA US,"[{""name"": ""Broadcom Inc."", ""ticker"": ""AVGO US"", ""asset_class"": ""Equity"", ""currency"": ""USD"", ""spot_price"": 172.0, ""strike_level_pct"": 100.0, ""barrier_level_pct"": 70.0, ""current_price"": 142.12, ""performance_pct"": -17.37, ""barrier_hit"": false, ""distance_to_barrier_pct"": 12.63}, {""name"": ""JPMorgan Chase & Co."", ""ticker"": ""JPM US"", ""asset_class"": ""Equity"", ""currency"": ""USD"", ""spot_price"": 215.0, ""strike_level_pct"": 100.0, ""barrier_level_pct"": 70.0, ""current_price"": 187.26, ""performance_pct"": -12.9, ""barrier_hit"": false, ""distance_to_barrier_pct"": 17.1}, {""name"": ""Advanced Micro Devices Inc."", ""ticker"": ""AMD US"", ""asset_class"": ""Equity"", ""currency"": ""USD"", ""spot_price"": 155.0, ""strike_level_pct"": 100.0, ""barrier_level_pct"": 70.0, ""current_price"": 134.97, ""performance_pct"": -12.92, ""barrier_hit"": false, ""distance_to_barrier_pct"": 17.08}, {""name"": ""NVIDIA Corporation"", ""ticker"": ""NVDA US"", ""asset_class"": ""Equity"", ""currency"": ""USD"", ""spot_price"": 122.5, ""strike_level_pct"": 100.0, ""barrier_level_pct"": 70.0, ""current_price"": 99.92, ""performance_pct"": -18.43, ""barrier_hit"": false, ""distance_to_barrier_pct"": 11.57}]",0.4,0.25,0.0,0.05,0.7,"24M Autocallable BRC fee schedule: 40 bps distribution, 25 bps structuring, 5 bps exchange clearing."
RFQ-200,PRD-200,CH1261564200,12M Capital Protection Certificate on NDX US,Capital Protection,Single Index Underlying,quoted,USD,1000000.0,Helvetia Capital Partners,2026-09-27T09:31:00Z,2026-09-27T17:00:00Z,,,"[{""issuer"": ""Societe Generale"", ""price_pct"": 99.58, ""coupon_pct_pa"": 7.52, ""timestamp"": ""2026-09-27T10:30:00Z"", ""valid_until"": ""2026-09-27T17:00:00Z""}, {""issuer"": ""Julius Baer"", ""price_pct"": 99.76, ""coupon_pct_pa"": 6.75, ""timestamp"": ""2026-09-27T10:30:00Z"", ""valid_until"": ""2026-09-27T17:00:00Z""}, {""issuer"": ""Vontobel"", ""price_pct"": 100.03, ""coupon_pct_pa"": 6.86, ""timestamp"": ""2026-09-27T10:41:00Z"", ""valid_until"": ""2026-09-27T17:00:00Z""}, {""issuer"": ""LUKB"", ""price_pct"": 100.1, ""coupon_pct_pa"": 7.54, ""timestamp"": ""2026-09-27T10:30:00Z"", ""valid_until"": ""2026-09-27T17:00:00Z""}]","{""issuer"": ""LUKB"", ""price_pct"": 100.1, ""coupon_pct_pa"": 7.54, ""timestamp"": ""2026-09-27T10:30:00Z"", ""valid_until"": ""2026-09-27T17:00:00Z""}",NDX US,"[{""name"": ""Nasdaq 100 Index"", ""ticker"": ""NDX US"", ""asset_class"": ""Equity Index"", ""currency"": ""USD"", ""spot_price"": 20100.0, ""strike_level_pct"": 100.0, ""barrier_level_pct"": null, ""current_price"": 18524.16, ""performance_pct"": -7.84, ""barrier_hit"": false, ""distance_to_barrier_pct"": null}]",0.5,0.25,0.1,0.03,0.88,"12M Capital Protection fee schedule: 50 bps distribution, 25 bps structuring, 10 bps p.a. management fee, 3 bps exchange clearing."
